date,symbol,open,high,low,close,volume,lppl_signal,signal_strength,position_reason,action,target_position,param_source,executed_position,cash,units,holdings_value,portfolio_value,strategy_nav,benchmark_nav,daily_return,benchmark_return,excess_return,trade_flag,running_max,drawdown
2025-07-29,000001.SH,3595.81,3611.35,3585.94,3609.71,610642058.0,none,0.0,无信号,hold,0.0,default_cli,0.0,1000000.0,0.0,0.0,1000000.0,1.0,1.0,0.0,0.0,0.0,False,1.0,0.0
2025-07-30,000001.SH,3608.35,3636.17,3593.73,3615.72,637221916.0,none,0.0,无信号,hold,0.0,default_cli,0.0,1000000.0,0.0,0.0,1000000.0,1.0,1.001664953694341,0.0,0.0016649536943409426,-0.0016649536943409426,False,1.0,0.0
2025-07-31,000001.SH,3604.7,3606.37,3562.61,3573.21,654509349.0,none,0.0,无信号,hold,0.0,default_cli,0.0,1000000.0,0.0,0.0,1000000.0,1.0,0.9898883843854492,0.0,-0.011756994457535419,0.011756994457535419,False,1.0,0.0
2025-08-01,000001.SH,3568.26,3581.75,3550.04,3559.95,509563080.0,none,0.0,无信号,hold,0.0,default_cli,0.0,1000000.0,0.0,0.0,1000000.0,1.0,0.9862149590964371,0.0,-0.003710948978649542,0.003710948978649542,False,1.0,0.0
2025-08-04,000001.SH,3547.16,3583.31,3547.16,3583.31,458573618.0,none,0.0,无信号,hold,0.0,default_cli,0.0,1000000.0,0.0,0.0,1000000.0,1.0,0.9926863930897496,0.0,0.00656188991418416,-0.00656188991418416,False,1.0,0.0
2025-08-05,000001.SH,3588.81,3617.6,3586.97,3617.6,499797780.0,none,0.0,无信号,hold,0.0,default_cli,0.0,1000000.0,0.0,0.0,1000000.0,1.0,1.0021857711561317,0.0,0.009569364637723288,-0.009569364637723288,False,1.0,0.0
2025-08-06,000001.SH,3615.81,3634.31,3613.99,3633.99,512467273.0,none,0.0,无信号,hold,0.0,default_cli,0.0,1000000.0,0.0,0.0,1000000.0,1.0,1.006726302112912,0.0,0.004530628040689821,-0.004530628040689821,False,1.0,0.0
2025-08-07,000001.SH,3637.78,3645.12,3622.52,3639.67,535501202.0,none,0.0,无信号,hold,0.0,default_cli,0.0,1000000.0,0.0,0.0,1000000.0,1.0,1.008299835720875,0.0,0.0015630202614758115,-0.0015630202614758115,False,1.0,0.0
2025-08-08,000001.SH,3634.85,3645.37,3625.45,3635.13,526407572.0,none,0.0,无信号,hold,0.0,default_cli,0.0,1000000.0,0.0,0.0,1000000.0,1.0,1.0070421169567638,0.0,-0.0012473658326166426,0.0012473658326166426,False,1.0,0.0
2025-08-11,000001.SH,3637.05,3656.85,3629.63,3647.55,551393348.0,none,0.0,无信号,hold,0.0,default_cli,0.0,1000000.0,0.0,0.0,1000000.0,1.0,1.010482836571359,0.0,0.0034166591016002723,-0.0034166591016002723,False,1.0,0.0
2025-08-12,000001.SH,3647.96,3669.04,3647.96,3665.92,536623739.0,none,0.0,无信号,hold,0.0,default_cli,0.0,1000000.0,0.0,0.0,1000000.0,1.0,1.0155718880464082,0.0,0.00503625721374612,-0.00503625721374612,False,1.0,0.0
2025-08-13,000001.SH,3668.66,3688.63,3666.55,3683.46,613528884.0,none,0.0,无信号,hold,0.0,default_cli,0.0,1000000.0,0.0,0.0,1000000.0,1.0,1.020431004152688,0.0,0.0047846106843574265,-0.0047846106843574265,False,1.0,0.0
2025-08-14,000001.SH,3685.52,3704.77,3662.57,3666.44,647829587.0,none,0.0,无信号,hold,0.0,default_cli,0.0,1000000.0,0.0,0.0,1000000.0,1.0,1.015715943940095,0.0,-0.004620655579265165,0.004620655579265165,False,1.0,0.0
2025-08-15,000001.SH,3659.81,3702.26,3658.38,3696.77,678521703.0,none,0.0,无信号,hold,0.0,default_cli,0.0,1000000.0,0.0,0.0,1000000.0,1.0,1.0241182809699394,0.0,0.00827232956219115,-0.00827232956219115,False,1.0,0.0
2025-08-18,000001.SH,3712.5,3745.94,3702.38,3728.03,776016669.0,none,0.0,无信号,hold,0.0,default_cli,0.0,1000000.0,0.0,0.0,1000000.0,1.0,1.0327782564250314,0.0,0.008456030534764292,-0.008456030534764292,False,1.0,0.0
2025-08-19,000001.SH,3728.49,3746.67,3718.15,3727.29,696099750.0,none,0.0,无信号,hold,0.0,default_cli,0.0,1000000.0,0.0,0.0,1000000.0,1.0,1.0325732538070924,0.0,-0.00019849625673618032,0.00019849625673618032,False,1.0,0.0
2025-08-20,000001.SH,3716.68,3767.43,3704.99,3766.21,679836426.0,none,0.0,无信号,hold,0.0,default_cli,0.0,1000000.0,0.0,0.0,1000000.0,1.0,1.0433552833884163,0.0,0.010441902830206518,-0.010441902830206518,False,1.0,0.0
2025-08-21,000001.SH,3770.68,3787.98,3757.99,3771.1,691552959.0,none,0.0,无信号,hold,0.0,default_cli,0.0,1000000.0,0.0,0.0,1000000.0,1.0,1.0447099628502012,0.0,0.0012983875036176595,-0.0012983875036176595,False,1.0,0.0
2025-08-22,000001.SH,3772.28,3825.76,3772.28,3825.76,698136277.0,none,0.0,无信号,hold,0.0,default_cli,0.0,1000000.0,0.0,0.0,1000000.0,1.0,1.059852453521197,0.0,0.014494444591763855,-0.014494444591763855,False,1.0,0.0
2025-08-25,000001.SH,3848.16,3883.56,3839.97,3883.56,885474802.0,none,0.0,无信号,hold,0.0,default_cli,0.0,1000000.0,0.0,0.0,1000000.0,1.0,1.075864820165609,0.0,0.01510810923842576,-0.01510810923842576,False,1.0,0.0
2025-08-26,000001.SH,3871.47,3888.6,3859.76,3868.38,734565305.0,negative_bubble,0.7071817862802611,强抄底信号 (Strong Buy),buy,1.0,default_cli,1.0,0.0,258.09330557337245,998402.9814139225,998402.9814139225,0.9984029814139225,1.071659496192215,-0.0015970185860775254,-0.0039087847232950335,0.002311766137217508,True,1.0,-0.0015970185860775254
2025-08-27,000001.SH,3869.61,3887.2,3800.35,3800.35,858633499.0,negative_bubble,0.7041471349881191,强抄底信号 (Strong Buy),hold,1.0,default_cli,1.0,0.0,258.09330557337245,980844.893835766,980844.893835766,0.980844893835766,1.052813106870081,-0.017586173023332763,-0.017586173023332763,0.0,False,1.0,-0.019155106164233993
2025-08-28,000001.SH,3796.71,3845.09,3761.42,3843.6,788351947.0,negative_bubble,0.7029370999969321,强抄底信号 (Strong Buy),hold,1.0,default_cli,1.0,0.0,258.09330557337245,992007.4293018143,992007.4293018143,0.9920074293018143,1.0647946787969116,0.011380530740589645,0.011380530740589645,0.0,False,1.0,-0.007992570698185708
2025-08-29,000001.SH,3842.82,3867.61,3839.21,3857.93,739462366.0,negative_bubble,0.7013190642876748,强抄底信号 (Strong Buy),hold,1.0,default_cli,1.0,0.0,258.09330557337245,995705.9063706808,995705.9063706808,0.9957059063706808,1.0687645267902408,0.0037282755749818985,0.0037282755749816765,2.220446049250313e-16,False,1.0,-0.004294093629319207
2025-09-01,000001.SH,3869.75,3879.05,3853.66,3875.53,747709536.0,negative_bubble,0.6999641459633357,强抄底信号 (Strong Buy),hold,1.0,default_cli,1.0,0.0,258.09330557337245,1000248.3485487722,1000248.3485487722,1.000248348548772,1.0736402647304077,0.004562031970512637,0.004562031970512859,-2.220446049250313e-16,False,1.000248348548772,0.0
2025-09-02,000001.SH,3877.09,3885.31,3828.68,3858.13,762618833.0,negative_bubble,0.699285469373179,强抄底信号 (Strong Buy),hold,1.0,default_cli,1.0,0.0,258.09330557337245,995757.5250317955,995757.5250317955,0.9957575250317955,1.0688199329031973,-0.004489708504385237,-0.004489708504385237,0.0,False,1.000248348548772,-0.004489708504385126
2025-09-03,000001.SH,3865.29,3868.39,3794.88,3813.56,645668510.0,negative_bubble,0.698460794526763,强抄底信号 (Strong Buy),hold,1.0,default_cli,1.0,0.0,258.09330557337245,984254.3064023902,984254.3064023902,0.9842543064023902,1.056472680630854,-0.011552228670366205,-0.011552228670366205,0.0,False,1.000248348548772,-0.015990071035445474
2025-09-04,000001.SH,3807.76,3808.4,3732.84,3765.88,710227933.0,negative_bubble,0.6985655676629692,强抄底信号 (Strong Buy),hold,1.0,default_cli,1.0,0.0,258.09330557337245,971948.4175926519,971948.4175926519,0.9719484175926519,1.0432638633020381,-0.012502753332843786,-0.012502753332843786,0.0,False,1.000248348548772,-0.028292904454358392
2025-09-05,000001.SH,3761.88,3817.16,3745.31,3812.51,626223380.0,negative_bubble,0.6987505147854471,强抄底信号 (Strong Buy),hold,1.0,default_cli,1.0,0.0,258.09330557337245,983983.3084315383,983983.3084315383,0.9839833084315383,1.0561817985378328,0.012382232041382224,0.012382232041382224,0.0,False,1.000248348548772,-0.016261001721054824
2025-09-08,000001.SH,3811.67,3833.14,3803.6,3826.84,660066898.0,negative_bubble,0.6988024372910704,强抄底信号 (Strong Buy),hold,1.0,default_cli,1.0,0.0,258.09330557337245,987681.7855004047,987681.7855004047,0.9876817855004046,1.0601516465311618,0.0037586786657608506,0.0037586786657608506,0.0,False,1.000248348548772,-0.012563442935546787
2025-09-09,000001.SH,3816.66,3834.67,3791.72,3807.29,600239380.0,negative_bubble,0.6990491220988746,强抄底信号 (Strong Buy),hold,1.0,default_cli,1.0,0.0,258.09330557337245,982636.0613764452,982636.0613764452,0.9826360613764452,1.0547356989896695,-0.0051086536149930195,-0.0051086536149931305,1.1102230246251565e-16,False,1.000248348548772,-0.017607914272370406
2025-09-10,000001.SH,3806.58,3827.0,3794.06,3812.22,534539825.0,negative_bubble,0.641123870996817,强抄底信号 (Strong Buy),hold,1.0,default_cli,1.0,0.0,258.09330557337245,983908.4613729218,983908.4613729218,0.9839084613729219,1.0561014596740457,0.001294884287774023,0.001294884287774245,-2.220446049250313e-16,False,1.000248348548772,-0.016335830196128054
2025-09-11,000001.SH,3806.06,3875.31,3796.43,3875.31,617012930.0,negative_bubble,0.645552647126357,强抄底信号 (Strong Buy),hold,1.0,default_cli,1.0,0.0,258.09330557337245,1000191.568021546,1000191.568021546,1.000191568021546,1.0735793180061557,0.01654941215354855,0.016549412153548326,2.220446049250313e-16,False,1.000248348548772,-5.6766429365695537e-05
2025-09-12,000001.SH,3875.51,3892.74,3866.54,3870.6,700641784.0,negative_bubble,0.6487145326861619,强抄底信号 (Strong Buy),hold,1.0,default_cli,1.0,0.0,258.09330557337245,998975.9485522953,998975.9485522953,0.9989759485522953,1.0722745040460313,-0.0012153866400366198,-0.0012153866400365088,-1.1102230246251565e-16,False,1.000248348548772,-0.0012720840762424634
2025-09-15,000001.SH,3876.1,3879.74,3855.97,3860.5,644793944.0,negative_bubble,0.6512488508049359,强抄底信号 (Strong Buy),hold,1.0,default_cli,1.0,0.0,258.09330557337245,996369.2061660043,996369.2061660043,0.9963692061660043,1.069476495341731,-0.0026094145610499053,-0.0026094145610499053,0.0,False,1.000248348548772,-0.003878179242580937
2025-09-16,000001.SH,3865.98,3876.69,3838.65,3861.87,673439723.0,negative_bubble,0.6517721925505915,强抄底信号 (Strong Buy),hold,1.0,default_cli,1.0,0.0,258.09330557337245,996722.7939946398,996722.7939946398,0.9967227939946398,1.0698560272154827,0.000354876311358554,0.000354876311358554,0.0,False,1.000248348548772,-0.0035246792051667475
2025-09-17,000001.SH,3854.07,3882.67,3848.95,3876.34,663434713.0,negative_bubble,0.6511069813647676,强抄底信号 (Strong Buy),hold,1.0,default_cli,1.0,0.0,258.09330557337245,1000457.4041262866,1000457.4041262866,1.0004574041262866,1.0738646594878813,0.0037468894602874503,0.0037468894602874503,0.0,False,1.0004574041262866,0.0
2025-09-18,000001.SH,3876.06,3899.96,3801.0,3831.66,876027389.0,negative_bubble,0.6499153381947486,强抄底信号 (Strong Buy),hold,1.0,default_cli,1.0,0.0,258.09330557337245,988925.7952332683,988925.7952332683,0.9889257952332683,1.061486933853412,-0.011526336699051232,-0.011526336699051232,0.0,False,1.0004574041262866,-0.011526336699051232
2025-09-19,000001.SH,3830.44,3843.17,3811.9,3820.09,682292613.0,negative_bubble,0.5803504398915272,强抄底信号 (Strong Buy),hold,1.0,default_cli,1.0,0.0,258.09330557337245,985939.6556877844,985939.6556877844,0.9859396556877844,1.0582816902188819,-0.0030195789814335683,-0.0030195789814335683,0.0,False,1.0004574041262866,-0.014511110996455412
2025-09-22,000001.SH,3822.01,3831.74,3806.2,3828.58,568325686.0,negative_bubble,0.5842758923232194,强抄底信号 (Strong Buy),hold,1.0,default_cli,1.0,0.0,258.09330557337245,988130.8678521023,988130.8678521023,0.9881308678521022,1.060633679713883,0.002222460727364872,0.0022224607273650943,-2.220446049250313e-16,False,1.0004574041262866,-0.012320900643390531
2025-09-23,000001.SH,3830.14,3838.61,3774.53,3821.83,701902868.0,negative_bubble,0.5881037936469973,强抄底信号 (Strong Buy),hold,1.0,default_cli,1.0,0.0,258.09330557337245,986388.738039482,986388.738039482,0.986388738039482,1.058763723401603,-0.0017630557543527603,-0.0017630557543527603,0.0,False,1.0004574041262866,-0.014062233962965132
2025-09-24,000001.SH,3804.48,3854.92,3804.33,3853.64,602056670.0,negative_bubble,0.5913125387510653,强抄底信号 (Strong Buy),hold,1.0,default_cli,1.0,0.0,258.09330557337245,994598.686089771,994598.686089771,0.994598686089771,1.067576065667325,0.008323237820625273,0.008323237820625273,0.0,False,1.0004574041262866,-0.005856039459902984
2025-09-25,000001.SH,3852.43,3866.11,3840.46,3853.3,589950531.0,negative_bubble,0.721779332364169,强抄底信号 (Strong Buy),hold,1.0,default_cli,1.0,0.0,258.09330557337245,994510.9343658761,994510.9343658761,0.9945109343658761,1.0674818752752993,-8.82282724903316e-05,-8.82282724903316e-05,0.0,False,1.0004574041262866,-0.005943751064148128
2025-09-26,000001.SH,3839.86,3856.61,3828.11,3828.11,551275335.0,negative_bubble,0.7255738580384522,强抄底信号 (Strong Buy),hold,1.0,default_cli,1.0,0.0,258.09330557337245,988009.5639984829,988009.5639984829,0.9880095639984829,1.0605034753484353,-0.006537253782472163,-0.006537253782472163,0.0,False,1.0004574041262866,-0.012442149037494077
2025-09-29,000001.SH,3828.17,3881.0,3809.54,3862.53,608466399.0,negative_bubble,0.7281269268719951,强抄底信号 (Strong Buy),hold,1.0,default_cli,1.0,0.0,258.09330557337245,996893.1355763184,996893.1355763184,0.9968931355763183,1.070038867388239,0.00899138217031381,0.00899138217031381,0.0,False,1.0004574041262866,-0.003562638984196398
2025-09-30,000001.SH,3869.7,3887.57,3866.28,3882.78,569734631.0,negative_bubble,0.7296485903848111,强抄底信号 (Strong Buy),hold,1.0,default_cli,1.0,0.0,258.09330557337245,1002119.5250141792,1002119.5250141792,1.0021195250141792,1.0756487363250788,0.005242677726774891,0.005242677726774891,0.0,False,1.0021195250141792,0.0
2025-10-09,000001.SH,3898.31,3936.58,3885.74,3933.97,725218501.0,negative_bubble,0.7298179702833549,强抄底信号 (Strong Buy),hold,1.0,default_cli,1.0,0.0,258.09330557337245,1015331.3213264799,1015331.3213264799,1.0153313213264799,1.0898299309362802,0.013183852806494034,0.013183852806494256,-2.220446049250313e-16,False,1.0153313213264799,0.0
2025-10-10,000001.SH,3915.48,3933.01,3886.31,3897.03,718917673.0,negative_bubble,0.7262180433969017,强抄底信号 (Strong Buy),hold,1.0,default_cli,1.0,0.0,258.09330557337245,1005797.3546185996,1005797.3546185996,1.0057973546185996,1.0795964218732252,-0.009390005516056177,-0.009390005516056177,0.0,False,1.0153313213264799,-0.009390005516056177
2025-10-13,000001.SH,3800.11,3895.83,3800.11,3889.5,709506101.0,negative_bubble,0.5970376340790091,强抄底信号 (Strong Buy),hold,1.0,default_cli,1.0,0.0,258.09330557337245,1003853.9120276321,1003853.9120276321,1.0038539120276322,1.0775103817204152,-0.0019322407063840918,-0.0019322407063840918,0.0,False,1.0153313213264799,-0.011304102471548894
2025-10-14,000001.SH,3910.78,3918.44,3851.12,3865.23,800839631.0,negative_bubble,0.5982737477725095,强抄底信号 (Strong Buy),hold,1.0,default_cli,1.0,0.0,258.09330557337245,997589.9875013664,997589.9875013664,0.9975899875013664,1.070786849913151,-0.006239876590821369,-0.00623987659082148,1.1102230246251565e-16,False,1.0153313213264799,-0.017473442857977917
2025-10-15,000001.SH,3867.54,3912.29,3857.67,3912.21,645012955.0,negative_bubble,0.6006187544675243,强抄底信号 (Strong Buy),hold,1.0,default_cli,1.0,0.0,258.09330557337245,1009715.2109972035,1009715.2109972035,1.0097152109972034,1.0838017458466191,0.012154516031387619,0.012154516031387619,0.0,False,1.0153313213264799,-0.005531308067931229
2025-10-16,000001.SH,3900.68,3931.05,3899.17,3916.23,595451491.0,negative_bubble,0.6018287001734808,强抄底信号 (Strong Buy),hold,1.0,default_cli,1.0,0.0,258.09330557337245,1010752.7460856084,1010752.7460856084,1.0107527460856083,1.0849154087170438,0.0010275522019522754,0.0010275522019522754,0.0,False,1.0153313213264799,-0.004509439573763818
2025-10-17,000001.SH,3912.04,3921.06,3835.36,3839.76,617563018.0,negative_bubble,0.6026614280048496,强抄底信号 (Strong Buy),hold,1.0,default_cli,1.0,0.0,258.09330557337245,991016.3510084127,991016.3510084127,0.9910163510084127,1.063730881428148,-0.019526432308623276,-0.019526432308623276,0.0,False,1.0153313213264799,-0.023947818615800087
2025-10-20,000001.SH,3865.55,3877.72,3850.37,3863.89,549261712.0,negative_bubble,0.6064442425560322,强抄底信号 (Strong Buy),hold,1.0,default_cli,1.0,0.0,258.09330557337245,997244.142471898,997244.142471898,0.997244142471898,1.0704156289563427,0.006284246932099835,0.006284246932099835,0.0,False,1.0153313213264799,-0.017814065689367165
2025-10-21,000001.SH,3870.75,3919.32,3868.15,3916.33,599415713.0,negative_bubble,0.6095866114785627,强抄底信号 (Strong Buy),hold,1.0,default_cli,1.0,0.0,258.09330557337245,1010778.5554161657,1010778.5554161657,1.0107785554161657,1.084943111773522,0.01357181493261983,0.01357181493261983,0.0,False,1.0153313213264799,-0.004484019959481
2025-10-22,000001.SH,3896.07,3918.59,3893.33,3913.76,543117344.0,negative_bubble,0.6100767665893676,强抄底信号 (Strong Buy),hold,1.0,default_cli,1.0,0.0,258.09330557337245,1010115.2556208422,1010115.2556208422,1.0101152556208421,1.0842311432220317,-0.0006562266203307132,-0.0006562266203307132,0.0,False,1.0153313213264799,-0.005137304046548219
2025-10-23,000001.SH,3904.16,3926.22,3877.53,3922.41,565189264.0,negative_bubble,0.6118939364592272,强抄底信号 (Strong Buy),hold,1.0,default_cli,1.0,0.0,258.09330557337245,1012347.7627140518,1012347.7627140518,1.0123477627140518,1.0866274576073978,0.0022101508523770796,0.0022101508523770796,0.0,False,1.0153313213264799,-0.0029385074110883647
2025-10-24,000001.SH,3929.12,3950.31,3928.96,3950.31,567858443.0,negative_bubble,0.6114944880676864,强抄底信号 (Strong Buy),hold,1.0,default_cli,1.0,0.0,258.09330557337245,1019548.5659395489,1019548.5659395489,1.019548565939549,1.0943566103648215,0.007112973911447273,0.007112973911447273,0.0,False,1.019548565939549,0.0
2025-10-27,000001.SH,3969.22,3999.07,3963.1,3996.94,637589545.0,negative_bubble,0.6131158854097996,强抄底信号 (Strong Buy),hold,1.0,default_cli,1.0,0.0,258.09330557337245,1031583.4567784353,1031583.4567784353,1.0315834567784352,1.1072745456006161,0.01180413689052262,0.01180413689052262,0.0,False,1.0315834567784352,0.0
2025-10-28,000001.SH,3986.89,4010.73,3976.83,3988.22,577357684.0,none,0.0,无信号,hold,1.0,default_cli,1.0,0.0,258.09330557337245,1029332.8831538354,1029332.8831538354,1.0293328831538355,1.1048588390757152,-0.0021816689767673036,-0.0021816689767673036,0.0,False,1.0315834567784352,-0.0021816689767670816
2025-10-29,000001.SH,3990.27,4016.33,3986.94,4016.33,612917466.0,none,0.0,无信号,hold,1.0,default_cli,1.0,0.0,258.09330557337245,1036587.885973503,1036587.885973503,1.036587885973503,1.1126461682517432,0.007048257117210355,0.007048257117210133,2.220446049250313e-16,False,1.036587885973503,0.0
2025-10-30,000001.SH,4007.82,4025.7,3984.83,3986.9,668485609.0,none,0.0,无信号,hold,1.0,default_cli,1.0,0.0,258.09330557337245,1028992.1999904786,1028992.1999904786,1.0289921999904785,1.1044931587302027,-0.007327585133691805,-0.007327585133691694,-1.1102230246251565e-16,False,1.036587885973503,-0.007327585133691805
2025-10-31,000001.SH,3985.06,3986.74,3951.73,3954.79,675615406.0,negative_bubble,0.6034934718197169,强抄底信号 (Strong Buy),hold,1.0,default_cli,1.0,0.0,258.09330557337245,1020704.8239485176,1020704.8239485176,1.0207048239485175,1.0955977072950458,-0.008053876445358599,-0.008053876445358599,0.0,False,1.036587885973503,-0.015322446113740784
2025-11-03,000001.SH,3954.08,3977.31,3937.02,3976.52,641245945.0,negative_bubble,0.6011657781832911,强抄底信号 (Strong Buy),hold,1.0,default_cli,1.0,0.0,258.09330557337245,1026313.191478627,1026313.191478627,1.026313191478627,1.1016175814677633,0.005494602747554422,0.0054946027475542,2.220446049250313e-16,False,1.036587885973503,-0.009912034120702184
2025-11-04,000001.SH,3973.46,3985.88,3938.52,3960.19,615493792.0,negative_bubble,0.6016241358155923,强抄底信号 (Strong Buy),hold,1.0,default_cli,1.0,0.0,258.09330557337245,1022098.5277986139,1022098.5277986139,1.0220985277986139,1.0970936723448699,-0.004106605775904493,-0.004106605775904493,0.0,False,1.036587885973503,-0.013977935080035642
2025-11-05,000001.SH,3922.58,3979.75,3922.58,3969.25,614991618.0,negative_bubble,0.6022428002827781,强抄底信号 (Strong Buy),hold,1.0,default_cli,1.0,0.0,258.09330557337245,1024436.8531471086,1024436.8531471086,1.0244368531471086,1.0996035692617967,0.002287769021183328,0.002287769021183328,0.0,False,1.036587885973503,-0.011722144345708618
2025-11-06,000001.SH,3973.35,4008.8,3973.35,4007.76,627367547.0,negative_bubble,0.6022766616818436,强抄底信号 (Strong Buy),hold,1.0,default_cli,1.0,0.0,258.09330557337245,1034376.0263447392,1034376.0263447392,1.0343760263447392,1.1102720163115598,0.009702084776721076,0.009702084776721076,0.0,False,1.036587885973503,-0.0021337888071945033
2025-11-07,000001.SH,3994.32,4012.01,3993.69,3997.56,596507034.0,negative_bubble,0.6012771244768593,强抄底信号 (Strong Buy),hold,1.0,default_cli,1.0,0.0,258.09330557337245,1031743.4746278907,1031743.4746278907,1.0317434746278908,1.107446304550781,-0.0025450625785976566,-0.0025450625785975456,-1.1102230246251565e-16,False,1.036587885973503,-0.0046734207597481925
2025-11-10,000001.SH,4001.79,4018.7,3990.84,4018.6,634049993.0,negative_bubble,0.6022774615444612,强抄底信号 (Strong Buy),hold,1.0,default_cli,1.0,0.0,258.09330557337245,1037173.7577771544,1037173.7577771544,1.0371737577771545,1.1132750276337988,0.005263210558440701,0.005263210558440701,0.0,False,1.0371737577771545,0.0
2025-11-11,000001.SH,4023.88,4024.94,3991.52,4002.76,581994921.0,negative_bubble,0.6009348561779966,强抄底信号 (Strong Buy),hold,1.0,default_cli,1.0,0.0,258.09330557337245,1033085.5598168724,1033085.5598168724,1.0330855598168724,1.1088868634876485,-0.00394167122878597,-0.003941671228786081,1.1102230246251565e-16,False,1.0371737577771545,-0.00394167122878597
2025-11-12,000001.SH,3996.56,4020.38,3980.68,4000.14,586193228.0,negative_bubble,0.6000714364188018,强抄底信号 (Strong Buy),hold,1.0,default_cli,1.0,0.0,258.09330557337245,1032409.35535627,1032409.35535627,1.0324093553562699,1.1081610434079192,-0.0006545483616305914,-0.0006545483616305914,0.0,False,1.0371737577771545,-0.0045936395759719195
2025-11-13,000001.SH,3996.51,4030.4,3994.77,4029.5,613031061.0,negative_bubble,0.6001264225524416,强抄底信号 (Strong Buy),hold,1.0,default_cli,1.0,0.0,258.09330557337245,1039986.9748079042,1039986.9748079042,1.0399869748079043,1.116294660789925,0.007339743108991215,0.007339743108991215,0.0,False,1.0399869748079043,0.0
2025-11-14,000001.SH,4007.13,4034.08,3990.31,3990.49,622017118.0,negative_bubble,0.5997511214654656,强抄底信号 (Strong Buy),hold,1.0,default_cli,1.0,0.0,258.09330557337245,1029918.754957487,1029918.754957487,1.029918754957487,1.1054876984577708,-0.009681101873681541,-0.009681101873681652,1.1102230246251565e-16,False,1.0399869748079043,-0.009681101873681541
2025-11-17,000001.SH,3988.56,3992.4,3958.95,3972.03,592017950.0,negative_bubble,0.5997979275500243,强抄底信号 (Strong Buy),hold,1.0,default_cli,1.0,0.0,258.09330557337245,1025154.3525366026,1025154.3525366026,1.0251543525366027,1.1003737142318912,-0.004625998310984314,-0.004625998310984314,0.0,False,1.0399869748079043,-0.014262315423749672
2025-11-18,000001.SH,3962.44,3966.89,3926.59,3939.81,594411046.0,negative_bubble,0.6004143731420388,强抄底信号 (Strong Buy),hold,1.0,default_cli,1.0,0.0,258.09330557337245,1016838.5862310285,1016838.5862310285,1.0168385862310285,1.0914477894346082,-0.008111721210564915,-0.008111721210564915,0.0,False,1.0399869748079043,-0.022258344707780098
2025-11-19,000001.SH,3937.92,3960.05,3930.07,3946.74,531149601.0,negative_bubble,0.6016187150979238,强抄底信号 (Strong Buy),hold,1.0,default_cli,1.0,0.0,258.09330557337245,1018627.1728386519,1018627.1728386519,1.018627172838652,1.093367611248549,0.0017589680720642153,0.0017589680720644374,-2.220446049250313e-16,False,1.0399869748079043,-0.020538528353393648
2025-11-20,000001.SH,3960.7,3967.97,3927.51,3931.05,534749540.0,negative_bubble,0.6028235449164305,强抄底信号 (Strong Buy),hold,1.0,default_cli,1.0,0.0,258.09330557337245,1014577.6888742058,1014577.6888742058,1.0145776888742057,1.0890210016871162,-0.003975432888915775,-0.003975432888915775,0.0,False,1.0399869748079043,-0.024432311701203635
2025-11-21,000001.SH,3896.66,3912.01,3834.75,3834.89,631646251.0,negative_bubble,0.603759824547166,强抄底信号 (Strong Buy),hold,1.0,default_cli,1.0,0.0,258.09330557337245,989759.4366102702,989759.4366102702,0.9897594366102702,1.0623817425776585,-0.02446165782678944,-0.02446165782678933,-1.1102230246251565e-16,False,1.0399869748079043,-0.04829631467924067
2025-11-24,000001.SH,3848.66,3854.33,3816.58,3836.77,504601716.0,negative_bubble,0.6044205559599729,强抄底信号 (Strong Buy),hold,1.0,default_cli,1.0,0.0,258.09330557337245,990244.6520247482,990244.6520247482,0.9902446520247482,1.062902560039449,0.0004902357042835259,0.0004902357042835259,0.0,False,1.0399869748079043,-0.047829755552798114
2025-11-25,000001.SH,3850.57,3882.03,3845.14,3870.02,478727611.0,negative_bubble,0.6052777208311795,强抄底信号 (Strong Buy),hold,1.0,default_cli,1.0,0.0,258.09330557337245,998826.2544350629,998826.2544350629,0.9988262544350629,1.0721138263184578,0.008666143657295233,0.008666143657295011,2.220446049250313e-16,False,1.0399869748079043,-0.03957811142821677
2025-11-26,000001.SH,3867.43,3879.92,3861.18,3864.18,457589755.0,negative_bubble,0.6060033366870909,强抄底信号 (Strong Buy),hold,1.0,default_cli,1.0,0.0,258.09330557337245,997318.9895305143,997318.9895305143,0.9973189895305143,1.0704959678201296,-0.00150903612901232,-0.00150903612901232,0.0,False,1.0399869748079043,-0.041027422757165866
2025-11-27,000001.SH,3867.2,3895.59,3864.13,3875.26,444021947.0,negative_bubble,0.6731936033802203,强抄底信号 (Strong Buy),hold,1.0,default_cli,1.0,0.0,258.09330557337245,1000178.6633562674,1000178.6633562674,1.0001786633562675,1.0735654664779166,0.0028673612512875035,0.0028673612512875035,0.0,False,1.0399869748079043,-0.03827770194813229
2025-11-28,000001.SH,3870.94,3888.89,3856.25,3888.6,449931973.0,negative_bubble,0.6732157284569766,强抄底信号 (Strong Buy),hold,1.0,default_cli,1.0,0.0,258.09330557337245,1003621.628052616,1003621.628052616,1.003621628052616,1.0772610542121113,0.0034423496746023297,0.0034423496746023297,0.0,False,1.0399869748079043,-0.03496711750837578
2025-12-01,000001.SH,3894.21,3914.46,3890.95,3914.01,537554133.0,negative_bubble,0.6725662996810143,强抄底信号 (Strong Buy),hold,1.0,default_cli,1.0,0.0,258.09330557337245,1010179.7789472356,1010179.7789472356,1.0101797789472355,1.0843004008632273,0.00653448541891688,0.00653448541891688,0.0,False,1.0399869748079043,-0.028661124208958833
2025-12-02,000001.SH,3908.46,3908.77,3888.33,3897.71,455584494.0,negative_bubble,0.6722599071292139,强抄底信号 (Strong Buy),hold,1.0,default_cli,1.0,0.0,258.09330557337245,1005972.8580663896,1005972.8580663896,1.0059728580663896,1.0797848026572772,-0.0041645269174069854,-0.0041645269174069854,0.0,False,1.0399869748079043,-0.032706291103114404
2025-12-03,000001.SH,3894.16,3901.7,3869.95,3878.0,485617270.0,negative_bubble,0.606769224331593,强抄底信号 (Strong Buy),hold,1.0,default_cli,1.0,0.0,258.09330557337245,1000885.8390135383,1000885.8390135383,1.0008858390135382,1.0743245302254198,-0.005056815412126658,-0.005056815412126658,0.0,False,1.0399869748079043,-0.037597716838317474
2025-12-04,000001.SH,3879.74,3888.86,3859.05,3875.79,445040290.0,negative_bubble,0.6072088451284723,强抄底信号 (Strong Buy),hold,1.0,default_cli,1.0,0.0,258.09330557337245,1000315.4528082212,1000315.4528082212,1.0003154528082212,1.073712292677251,-0.0005698813821557458,-0.0005698813821557458,0.0,False,1.0399869748079043,-0.03814617198163539
2025-12-05,000001.SH,3873.12,3907.78,3863.31,3902.81,500368768.0,negative_bubble,0.6077966578105266,强抄底信号 (Strong Buy),hold,1.0,default_cli,1.0,0.0,258.09330557337245,1007289.1339248137,1007289.1339248137,1.0072891339248138,1.0811976585376664,0.006971481943035984,0.006971481943036206,-2.220446049250313e-16,False,1.0399869748079043,-0.03144062538776515
2025-12-08,000001.SH,3909.23,3936.31,3904.74,3924.08,547349789.0,negative_bubble,0.6087388685576289,强抄底信号 (Strong Buy),hold,1.0,default_cli,1.0,0.0,258.09330557337245,1012778.7785343593,1012778.7785343593,1.0127787785343594,1.087090098650584,0.0054499194170354315,0.0054499194170354315,0.0,False,1.0399869748079043,-0.02616205484551426
2025-12-09,000001.SH,3916.51,3923.9,3902.13,3909.52,524538256.0,negative_bubble,0.6095191560103961,强抄底信号 (Strong Buy),hold,1.0,default_cli,1.0,0.0,258.09330557337245,1009020.940005211,1009020.940005211,1.009020940005211,1.083056533627355,-0.0037104238445698767,-0.0037104238445698767,0.0,False,1.0399869748079043,-0.0297754063779625
2025-12-10,000001.SH,3901.13,3906.12,3876.47,3900.5,497331504.0,negative_bubble,0.6101827520269211,强抄底信号 (Strong Buy),hold,1.0,default_cli,1.0,0.0,258.09330557337245,1006692.9383889392,1006692.9383889392,1.0066929383889391,1.0805577179330195,-0.00230718860627388,-0.00230718860627388,0.0,False,1.0399869748079043,-0.03201389750589412
2025-12-11,000001.SH,3903.89,3904.96,3862.82,3873.32,525658600.0,negative_bubble,0.6099647123896703,强抄底信号 (Strong Buy),hold,1.0,default_cli,1.0,0.0,258.09330557337245,999677.9623434551,999677.9623434551,0.9996779623434551,1.073028027182239,-0.00696833739264191,-0.00696833739264191,0.0,False,1.0399869748079043,-0.03875915125946139
2025-12-12,000001.SH,3869.41,3891.81,3850.6,3889.35,573947130.0,negative_bubble,0.6786415722510304,强抄底信号 (Strong Buy),hold,1.0,default_cli,1.0,0.0,258.09330557337245,1003815.1980317961,1003815.1980317961,1.0038151980317962,1.0774688271356978,0.004138568463230463,0.004138568463230463,0.0,False,1.0399869748079043,-0.03478099019729486
2025-12-15,000001.SH,3865.4,3896.98,3863.63,3867.92,500922790.0,negative_bubble,0.6798111862826696,强抄底信号 (Strong Buy),hold,1.0,default_cli,1.0,0.0,258.09330557337245,998284.2584933587,998284.2584933587,0.9982842584933588,1.0715320621324151,-0.00550991810970991,-0.005509918109709799,-1.1102230246251565e-16,False,1.0399869748079043,-0.04009926789924301
2025-12-16,000001.SH,3861.51,3862.43,3815.84,3824.81,512494827.0,negative_bubble,0.6800061419776644,强抄底信号 (Strong Buy),hold,1.0,default_cli,1.0,0.0,258.09330557337245,987157.8560900907,987157.8560900907,0.9871578560900907,1.0595892744846538,-0.011145525243541732,-0.011145525243541732,0.0,False,1.0399869748079043,-0.050797865740166315
2025-12-17,000001.SH,3822.51,3881.75,3818.0,3870.28,512313692.0,negative_bubble,0.6786657249732224,强抄底信号 (Strong Buy),hold,1.0,default_cli,1.0,0.0,258.09330557337245,998893.3586945119,998893.3586945119,0.9988933586945119,1.072185854265301,0.011888172222934035,0.011888172222934035,0.0,False,1.0399869748079043,-0.03951358729370891
2025-12-18,000001.SH,3857.26,3888.29,3856.42,3876.37,461172625.0,negative_bubble,0.6772873545917921,强抄底信号 (Strong Buy),hold,1.0,default_cli,1.0,0.0,258.09330557337245,1000465.1469254537,1000465.1469254537,1.0004651469254537,1.0738729704048247,0.0015735295637524516,0.0015735295637524516,0.0,False,1.0399869748079043,-0.03800223352773291
2025-12-19,000001.SH,3878.23,3902.67,3871.78,3890.45,513511893.0,negative_bubble,0.6755563056299569,强抄底信号 (Strong Buy),hold,1.0,default_cli,1.0,0.0,258.09330557337245,1004099.1006679268,1004099.1006679268,1.0040991006679267,1.0777735607569583,0.0036322642059454235,0.0036322642059452015,2.220446049250313e-16,False,1.0399869748079043,-0.03450800347437655
2025-12-22,000001.SH,3900.54,3920.01,3900.52,3917.36,522938992.0,none,0.0,无信号,hold,1.0,default_cli,1.0,0.0,258.09330557337245,1011044.3915209064,1011044.3915209064,1.0110443915209064,1.0852284532552476,0.0069169376293232165,0.0069169376293232165,0.0,False,1.0399869748079043,-0.027829755552797986
2025-12-23,000001.SH,3919.11,3937.13,3910.74,3919.98,521156952.0,none,0.0,无信号,hold,1.0,default_cli,1.0,0.0,258.09330557337245,1011720.5959815085,1011720.5959815085,1.0117205959815085,1.085954273334977,0.0006688177752363078,0.0006688177752363078,0.0,False,1.0399869748079043,-0.027179550812755915
2025-12-24,000001.SH,3920.35,3947.04,3912.31,3940.95,474896447.0,negative_bubble,0.6328606000837017,强抄底信号 (Strong Buy),hold,1.0,default_cli,1.0,0.0,258.09330557337245,1017132.8125993821,1017132.8125993821,1.0171328125993822,1.09176360427846,0.005349517089372924,0.005349517089372924,0.0,False,1.0399869748079043,-0.021975431194937278
2025-12-25,000001.SH,3937.72,3964.07,3936.08,3959.62,469313093.0,none,0.0,无信号,hold,1.0,default_cli,1.0,0.0,258.09330557337245,1021951.414614437,1021951.414614437,1.021951414614437,1.0969357649229439,0.004737436404927742,0.004737436404927742,0.0,False,1.0399869748079043,-0.017342101997766424
2025-12-26,000001.SH,3957.83,3977.71,3945.52,3963.68,555489592.0,bubble_warning,0.42098216097600216,观察信号,reduce,0.5,default_cli,0.5003191652353559,510591.49038459075,128.98209718249078,511243.758960295,1021835.2493448858,1.021835249344886,1.0980605090159596,-0.0001136700511296107,0.0010253509175122133,-0.001139020968641824,True,1.0399869748079043,-0.01745380077127523
2025-12-29,000001.SH,3964.65,3983.98,3956.95,3965.28,563687197.0,negative_bubble,0.6361239746208727,强抄底信号 (Strong Buy),add,1.0,default_cli,1.0,0.0,257.6651504768058,1021714.4678826686,1021714.4678826686,1.0217144678826686,1.0985037579196113,-0.00011820052429645234,0.0004036652807493102,-0.0005218658050457625,True,1.0399869748079043,-0.01756993824716968
2025-12-30,000001.SH,3947.87,3979.99,3947.42,3965.12,525932588.0,negative_bubble,0.6356697798340354,强抄底信号 (Strong Buy),hold,1.0,default_cli,1.0,0.0,257.6651504768058,1021673.2414585922,1021673.2414585922,1.0216732414585923,1.098459433029246,-4.035024008397503e-05,-4.035024008397503e-05,0.0,False,1.0399869748079043,-0.017609579536027042
2025-12-31,000001.SH,3968.73,3977.54,3955.49,3968.84,490751490.0,negative_bubble,0.6346890191423036,强抄底信号 (Strong Buy),hold,1.0,default_cli,1.0,0.0,257.6651504768058,1022631.7558183661,1022631.7558183661,1.0226317558183662,1.099489986730236,0.000938180937777533,0.000938180937777533,0.0,False,1.0399869748079043,-0.016687919570092413
2026-01-05,000001.SH,3986.97,4025.26,3983.58,4023.42,596950455.0,negative_bubble,0.6334723783490925,强抄底信号 (Strong Buy),hold,1.0,default_cli,1.0,0.0,257.6651504768058,1036695.1197313902,1036695.1197313902,1.03669511973139,1.1146103149560491,0.013752129085576659,0.013752129085576659,0.0,False,1.0399869748079043,-0.0031652849086136747
2026-01-06,000001.SH,4026.02,4083.67,4025.09,4083.67,702472270.0,negative_bubble,0.6320687225376427,强抄底信号 (Strong Buy),hold,1.0,default_cli,1.0,0.0,257.6651504768058,1052219.4450476177,1052219.4450476177,1.0522194450476177,1.1313014064841773,0.014974822414761446,0.014974822414761668,-2.220446049250313e-16,False,1.0522194450476177,0.0
2026-01-07,000001.SH,4083.84,4098.78,4069.44,4085.77,683384352.0,negative_bubble,0.6277375784050437,强抄底信号 (Strong Buy),hold,1.0,default_cli,1.0,0.0,257.6651504768058,1052760.541863619,1052760.541863619,1.0527605418636188,1.13188317067022,0.0005142433154490256,0.0005142433154490256,0.0,False,1.0527605418636188,0.0
2026-01-08,000001.SH,4077.72,4093.87,4067.12,4082.98,666131337.0,negative_bubble,0.6251937439625468,强抄底信号 (Strong Buy),hold,1.0,default_cli,1.0,0.0,257.6651504768058,1052041.6560937886,1052041.6560937886,1.0520416560937886,1.1311102553944776,-0.0006828578211696135,-0.0006828578211696135,0.0,False,1.0527605418636188,-0.0006828578211693914
2026-01-09,000001.SH,4086.76,4121.72,4083.62,4120.43,729837985.0,negative_bubble,0.6229131505336786,强抄底信号 (Strong Buy),hold,1.0,default_cli,1.0,0.0,257.6651504768058,1061691.2159791451,1061691.2159791451,1.0616912159791452,1.1414850500455715,0.009172222249435702,0.00917222224943548,2.220446049250313e-16,False,1.0616912159791452,0.0
2026-01-12,000001.SH,4134.89,4168.36,4119.88,4165.29,839456089.0,negative_bubble,0.7267740750295373,强抄底信号 (Strong Buy),hold,1.0,default_cli,1.0,0.0,257.6651504768058,1073250.0746295345,1073250.0746295345,1.0732500746295346,1.1539126411817016,0.010887213227745551,0.010887213227745551,0.0,False,1.0732500746295346,0.0
2026-01-13,000001.SH,4169.7,4179.7,4126.23,4138.76,868382717.0,negative_bubble,0.7244573178348568,强抄底信号 (Strong Buy),hold,1.0,default_cli,1.0,0.0,257.6651504768058,1066414.218187385,1066414.218187385,1.066414218187385,1.1465630202980295,-0.006369304418179622,-0.006369304418179733,1.1102230246251565e-16,False,1.0732500746295346,-0.006369304418179733
2026-01-14,000001.SH,4138.65,4190.87,4103.62,4126.09,952551289.0,negative_bubble,0.723408756407999,强抄底信号 (Strong Buy),hold,1.0,default_cli,1.0,0.0,257.6651504768058,1063149.6007308438,1063149.6007308438,1.0631496007308439,1.143053043042239,-0.003061303385555103,-0.003061303385555103,0.0,False,1.0732500746295346,-0.009411109430555786
2026-01-15,000001.SH,4106.22,4133.07,4096.85,4112.6,680250791.0,negative_bubble,0.7225786913760525,强抄底信号 (Strong Buy),hold,1.0,default_cli,1.0,0.0,257.6651504768058,1059673.6978509116,1059673.6978509116,1.0596736978509116,1.139315900723327,-0.003269439105787919,-0.003269439105787697,-2.220446049250313e-16,False,1.0732500746295346,-0.012649779487142632
2026-01-16,000001.SH,4127.06,4140.23,4091.81,4101.91,763588465.0,negative_bubble,0.7219840929019621,强抄底信号 (Strong Buy),hold,1.0,default_cli,1.0,0.0,257.6651504768058,1056919.2573923145,1056919.2573923145,1.0569192573923145,1.1363544439858049,-0.0025993288916987822,-0.0025993288916987822,0.0,False,1.0732500746295346,-0.015216227441546826
2026-01-19,000001.SH,4090.72,4126.52,4090.06,4114.0,688905870.0,negative_bubble,0.7215857399732836,强抄底信号 (Strong Buy),hold,1.0,default_cli,1.0,0.0,257.6651504768058,1060034.429061579,1060034.429061579,1.060034429061579,1.1397037435140218,0.002947407427271731,0.002947407427271731,0.0,False,1.0732500746295346,-0.012313668436051417
2026-01-20,000001.SH,4116.37,4128.93,4080.29,4113.65,734362496.0,negative_bubble,0.7210908868941678,强抄底信号 (Strong Buy),hold,1.0,default_cli,1.0,0.0,257.6651504768058,1059944.2462589121,1059944.2462589121,1.0599442462589121,1.139606782816348,-8.507535245505515e-05,-8.507535245516618e-05,1.1102230246251565e-16,False,1.0732500746295346,-0.012397696198824248
2026-01-21,000001.SH,4103.53,4135.96,4103.53,4116.94,666989507.0,negative_bubble,0.7206123937594509,强抄底信号 (Strong Buy),hold,1.0,default_cli,1.0,0.0,257.6651504768058,1060791.9646039808,1060791.9646039808,1.0607919646039807,1.1405182133744816,0.000799776354332371,0.0007997763543325931,-2.220446049250313e-16,False,1.0732500746295346,-0.011607835228759855
2026-01-22,000001.SH,4126.07,4140.84,4109.92,4122.58,709695409.0,negative_bubble,0.7200331141122749,强抄底信号 (Strong Buy),hold,1.0,default_cli,1.0,0.0,257.6651504768058,1062245.19605267,1062245.19605267,1.06224519605267,1.1420806657598532,0.0013699495256185301,0.0013699495256185301,0.0,False,1.0732500746295346,-0.010253787851506324
2026-01-23,000001.SH,4130.11,4143.75,4120.2,4136.16,782115454.0,negative_bubble,0.7191631656914301,强抄底信号 (Strong Buy),hold,1.0,default_cli,1.0,0.0,257.6651504768058,1065744.2887961452,1065744.2887961452,1.0657442887961452,1.1458427408295957,0.003294053723639223,0.003294053723639001,2.220446049250313e-16,False,1.0732500746295346,-0.006993510655920687
2026-01-26,000001.SH,4144.78,4160.99,4124.7,4132.61,887439731.0,negative_bubble,0.7181463268023949,强抄底信号 (Strong Buy),hold,1.0,default_cli,1.0,0.0,257.6651504768058,1064829.5775119525,1064829.5775119525,1.0648295775119525,1.1448592823246189,-0.0008582840122239865,-0.0008582840122239865,0.0,False,1.0732500746295346,-0.007845792249759342
2026-01-27,000001.SH,4125.22,4158.8,4101.83,4139.9,754990869.0,negative_bubble,0.7169798030710468,强抄底信号 (Strong Buy),hold,1.0,default_cli,1.0,0.0,257.6651504768058,1066707.9564589283,1066707.9564589283,1.0667079564589284,1.146878835141881,0.001764018380635779,0.001764018380636001,-2.220446049250313e-16,False,1.0732500746295346,-0.006095613990862669
2026-01-28,000001.SH,4150.22,4170.15,4138.02,4151.24,823026748.0,negative_bubble,0.6545145395189012,强抄底信号 (Strong Buy),hold,1.0,default_cli,1.0,0.0,257.6651504768058,1069629.8792653354,1069629.8792653354,1.0696298792653354,1.1500203617465115,0.002739196598951832,0.00273919659895161,2.220446049250313e-16,False,1.0732500746295346,-0.0033731144770232646
2026-01-29,000001.SH,4155.92,4170.21,4138.3,4157.98,905908371.0,negative_bubble,0.6543088457326482,强抄底信号 (Strong Buy),hold,1.0,default_cli,1.0,0.0,257.6651504768058,1071366.542379549,1071366.542379549,1.071366542379549,1.1518875477531434,0.0016236112583227769,0.0016236112583227769,0.0,False,1.0732500746295346,-0.0017549798453408982
2026-01-30,000001.SH,4131.99,4152.85,4064.78,4117.95,804342746.0,negative_bubble,0.6540931462470887,强抄底信号 (Strong Buy),hold,1.0,default_cli,1.0,0.0,257.6651504768058,1061052.2064059626,1061052.2064059626,1.0610522064059627,1.1407980142449117,-0.009627270934444043,-0.009627270934444043,0.0,False,1.0732500746295346,-0.011365355113329367
2026-02-02,000001.SH,4079.71,4103.41,4013.66,4015.75,732953698.0,negative_bubble,0.654627871370812,强抄底信号 (Strong Buy),hold,1.0,default_cli,1.0,0.0,257.6651504768058,1034718.828027233,1034718.828027233,1.034718828027233,1.1124854905241695,-0.024818174091477574,-0.024818174091477463,-1.1102230246251565e-16,False,1.0732500746295346,-0.03590146184299292
2026-02-03,000001.SH,4043.91,4069.42,4002.78,4067.74,637684249.0,negative_bubble,0.6557698847053951,强抄底信号 (Strong Buy),hold,1.0,default_cli,1.0,0.0,257.6651504768058,1048114.839200522,1048114.839200522,1.048114839200522,1.1268883095871967,0.01294652306542976,0.01294652306542976,0.0,False,1.0732500746295346,-0.023419737881396174
2026-02-04,000001.SH,4064.68,4104.62,4062.68,4102.2,674254244.0,negative_bubble,0.6559733920625124,强抄底信号 (Strong Buy),hold,1.0,default_cli,1.0,0.0,257.6651504768058,1056993.9802859528,1056993.9802859528,1.0569939802859527,1.1364347828495918,0.008471534562189298,0.008471534562189298,0.0,False,1.0732500746295346,-0.015146604438106559
2026-02-05,000001.SH,4075.03,4088.9,4048.94,4075.92,596722236.0,negative_bubble,0.5873447543690199,强抄底信号 (Strong Buy),hold,1.0,default_cli,1.0,0.0,257.6651504768058,1050222.5401314225,1050222.5401314225,1.0502225401314225,1.1291544196071153,-0.006406318560772117,-0.006406318560772228,1.1102230246251565e-16,False,1.0732500746295346,-0.021455889025734143
2026-02-06,000001.SH,4040.3,4095.03,4029.97,4065.58,556709801.0,negative_bubble,0.5894782306281587,强抄底信号 (Strong Buy),hold,1.0,default_cli,1.0,0.0,257.6651504768058,1047558.2824754922,1047558.2824754922,1.0475582824754923,1.1262899235672672,-0.0025368505760663407,-0.0025368505760663407,0.0,False,1.0732500746295346,-0.023938309217365394
2026-02-09,000001.SH,4103.54,4123.16,4093.06,4123.09,572632582.0,negative_bubble,0.7198544100055071,强抄底信号 (Strong Buy),hold,1.0,default_cli,1.0,0.0,257.6651504768058,1062376.6052794133,1062376.6052794133,1.0623766052794132,1.1422219513478922,0.01414558316402581,0.01414558316402581,0.0,False,1.0732500746295346,-0.010131347397180135
2026-02-10,000001.SH,4127.77,4134.34,4117.56,4128.37,524620969.0,negative_bubble,0.7221782965689298,强抄底信号 (Strong Buy),hold,1.0,default_cli,1.0,0.0,257.6651504768058,1063737.077273931,1063737.077273931,1.063737077273931,1.1436846727299423,0.0012805929533432625,0.0012805929533432625,0.0,False,1.0732500746295346,-0.008863728575921437
2026-02-11,000001.SH,4124.43,4142.56,4122.43,4131.99,500685278.0,negative_bubble,0.7234405964430616,强抄底信号 (Strong Buy),hold,1.0,default_cli,1.0,0.0,257.6651504768058,1064669.8251186567,1064669.8251186567,1.0646698251186568,1.1446875233744538,0.000876859390025464,0.000876859390025686,-2.220446049250313e-16,False,1.0732500746295346,-0.007994641429528437
2026-02-12,000001.SH,4136.99,4140.59,4124.13,4134.02,529370116.0,negative_bubble,0.7243625696168685,强抄底信号 (Strong Buy),hold,1.0,default_cli,1.0,0.0,257.6651504768058,1065192.8853741249,1065192.8853741249,1.0651928853741248,1.145249895420962,0.0004912887010861677,0.0004912887010861677,0.0,False,1.0732500746295346,-0.007507280405446015
2026-02-13,000001.SH,4115.92,4123.84,4079.77,4082.07,500799472.0,negative_bubble,0.725586062346405,强抄底信号 (Strong Buy),hold,1.0,default_cli,1.0,0.0,257.6651504768058,1051807.1808068547,1051807.1808068547,1.0518071808068548,1.1308581575805259,-0.012566460733136275,-0.012566460733136386,1.1102230246251565e-16,False,1.0732500746295346,-0.019979401194154645
2026-02-24,000001.SH,4129.13,4131.55,4105.94,4117.41,566322249.0,negative_bubble,0.59986568369578,强抄底信号 (Strong Buy),hold,1.0,default_cli,1.0,0.0,257.6651504768058,1060913.0672247051,1060913.0672247051,1.0609130672247051,1.1406484177399292,0.008657372362551374,0.008657372362551374,0.0,False,1.0732500746295346,-0.011494997947321783
2026-02-25,000001.SH,4123.78,4167.84,4122.7,4147.23,724787214.0,negative_bubble,0.6030452206165295,强抄底信号 (Strong Buy),hold,1.0,default_cli,1.0,0.0,257.6651504768058,1068596.6420119232,1068596.6420119232,1.0685966420119233,1.1489094691817348,0.007242416956290354,0.007242416956290354,0.0,False,1.0732500746295346,-0.004335832559077657
2026-02-26,000001.SH,4151.07,4152.19,4127.15,4146.63,651702826.0,negative_bubble,0.6056642376977369,强抄底信号 (Strong Buy),hold,1.0,default_cli,1.0,0.0,257.6651504768058,1068442.0429216374,1068442.0429216374,1.0684420429216375,1.1487432508428654,-0.00014467487937708245,-0.00014467487937719348,1.1102230246251565e-16,False,1.0732500746295346,-0.004479880152402305
2026-02-27,000001.SH,4128.9,4166.23,4128.36,4162.88,682047646.0,negative_bubble,0.607289036611254,强抄底信号 (Strong Buy),hold,1.0,default_cli,1.0,0.0,257.6651504768058,1072629.1016168855,1072629.1016168855,1.0726291016168854,1.1532449975205765,0.003918844941555033,0.003918844941555033,0.0,False,1.0732500746295346,-0.0005785911665214805
2026-03-02,000001.SH,4151.8,4188.77,4131.37,4182.59,861579218.0,negative_bubble,0.6086178412810073,强抄底信号 (Strong Buy),hold,1.0,default_cli,1.0,0.0,257.6651504768058,1077707.6817327833,1077707.6817327833,1.0777076817327833,1.1587052699524338,0.0047347028979936034,0.0047347028979936034,0.0,False,1.0777076817327833,0.0
2026-03-03,000001.SH,4189.41,4197.23,4116.01,4122.68,921139170.0,negative_bubble,0.6088420963716188,强抄底信号 (Strong Buy),hold,1.0,default_cli,1.0,0.0,257.6651504768058,1062270.962567718,1062270.962567718,1.062270962567718,1.1421083688163316,-0.014323660698275398,-0.014323660698275398,0.0,False,1.0777076817327833,-0.014323660698275287
2026-03-04,000001.SH,4087.63,4106.04,4055.41,4082.47,765169531.0,negative_bubble,0.6096376739996405,强抄底信号 (Strong Buy),hold,1.0,default_cli,1.0,0.0,257.6651504768058,1051910.2468670453,1051910.2468670453,1.0519102468670454,1.1309689698064387,-0.009753364316415825,-0.009753364316415603,-2.220446049250313e-16,False,1.0777076817327833,-0.023937321133556178
2026-03-05,000001.SH,4109.78,4125.62,4090.62,4108.57,689746535.0,negative_bubble,0.6108439770102653,强抄底信号 (Strong Buy),hold,1.0,default_cli,1.0,0.0,257.6651504768058,1058635.30729449,1058635.30729449,1.05863530729449,1.1381994675472544,0.006393188437392228,0.006393188437392006,2.220446049250313e-16,False,1.0777076817327833,-0.01769716850085723
2026-03-06,000001.SH,4085.9,4129.46,4085.9,4124.19,646765760.0,negative_bubble,0.612220482853436,强抄底信号 (Strong Buy),hold,1.0,default_cli,1.0,0.0,257.6651504768058,1062660.0369449377,1062660.0369449377,1.0626600369449377,1.1425266849691524,0.0038018093886680315,0.0038018093886680315,0.0,False,1.0777076817327833,-0.013962640373548552
2026-03-09,000001.SH,4098.7,4106.53,4052.55,4096.6,797803556.0,negative_bubble,0.6136224788135487,强抄底信号 (Strong Buy),hold,1.0,default_cli,1.0,0.0,257.6651504768058,1055551.0554432827,1055551.0554432827,1.0555510554432828,1.1348834116868114,-0.006689798481641085,-0.006689798481641085,0.0,False,1.0777076817327833,-0.02055903160481909
2026-03-10,000001.SH,4098.59,4123.96,4098.59,4123.14,674922194.0,negative_bubble,0.6165388966185553,强抄底信号 (Strong Buy),hold,1.0,default_cli,1.0,0.0,257.6651504768058,1062389.4885369372,1062389.4885369372,1.0623894885369372,1.1422358028761315,0.00647854318215102,0.00647854318215102,0.0,False,1.0777076817327833,-0.01421368099670306
2026-03-11,000001.SH,4123.67,4135.84,4112.8,4133.43,707727169.0,negative_bubble,0.6187014208517072,强抄底信号 (Strong Buy),hold,1.0,default_cli,1.0,0.0,257.6651504768058,1065040.8629353435,1065040.8629353435,1.0650408629353436,1.1450864473877405,0.0024956707751859764,0.0024956707751859764,0.0,False,1.0777076817327833,-0.01175348288978828
2026-03-12,000001.SH,4133.2,4141.65,4103.16,4129.1,786151182.0,negative_bubble,0.6193738030967726,强抄底信号 (Strong Buy),hold,1.0,default_cli,1.0,0.0,257.6651504768058,1063925.172833779,1063925.172833779,1.0639251728337789,1.1438869050422333,-0.0010475561458643812,-0.0010475561458642701,-1.1102230246251565e-16,False,1.0777076817327833,-0.012788726602416256
2026-03-13,000001.SH,4117.57,4134.08,4086.85,4095.45,792054764.0,negative_bubble,0.6204056600885779,强抄底信号 (Strong Buy),hold,1.0,default_cli,1.0,0.0,257.6651504768058,1055254.7405202345,1055254.7405202345,1.0552547405202344,1.1345648265373118,-0.008149475672664663,-0.008149475672664885,2.220446049250313e-16,False,1.0777076817327833,-0.020833980858750212
2026-03-16,000001.SH,4092.25,4096.13,4048.09,4084.79,732227098.0,negative_bubble,0.6212135196976788,强抄底信号 (Strong Buy),hold,1.0,default_cli,1.0,0.0,257.6651504768058,1052508.0300161517,1052508.0300161517,1.0525080300161518,1.1316116807167333,-0.002602888571463402,-0.002602888571463402,0.0,False,1.0777076817327833,-0.023382640899538232
2026-03-17,000001.SH,4086.3,4108.4,4049.58,4049.91,678771224.0,negative_bubble,0.6210499379743749,强抄底信号 (Strong Buy),hold,1.0,default_cli,1.0,0.0,257.6651504768058,1043520.6695675206,1043520.6695675206,1.0435206695675205,1.12194885461713,-0.00853899466068031,-0.00853899466068031,0.0,False,1.0777076817327833,-0.031721971314425
2026-03-18,000001.SH,4053.31,4065.37,4023.03,4062.98,623873102.0,negative_bubble,0.620179208832599,强抄底信号 (Strong Buy),hold,1.0,default_cli,1.0,0.0,257.6651504768058,1046888.3530842526,1046888.3530842526,1.0468883530842525,1.1255696440988334,0.003227232210098574,0.003227232210098574,0.0,False,1.0777076817327833,-0.02859711327192005
2026-03-19,000001.SH,4028.54,4042.02,3994.17,4006.55,667255422.0,negative_bubble,0.6193412701558618,强抄底信号 (Strong Buy),hold,1.0,default_cli,1.0,0.0,257.6651504768058,1032348.3086428464,1032348.3086428464,1.0323483086428464,1.1099368093281732,-0.01388882052089846,-0.01388882052089846,0.0,False,1.0777076817327833,-0.04208875361916897
2026-03-20,000001.SH,4004.57,4022.7,3955.71,3957.05,666798387.0,negative_bubble,0.6169502774445469,强抄底信号 (Strong Buy),hold,1.0,default_cli,1.0,0.0,257.6651504768058,1019593.8836942445,1019593.8836942445,1.0195938836942446,1.0962237963714536,-0.012354769065654914,-0.012354769065655025,1.1102230246251565e-16,False,1.0777076817327833,-0.05392352585359783
2026-03-23,000001.SH,3904.95,3906.62,3794.68,3813.28,804738850.0,negative_bubble,0.6129435204666988,强抄底信号 (Strong Buy),hold,1.0,default_cli,1.0,0.0,257.6651504768058,982549.3650101941,982549.3650101941,0.9825493650101941,1.056395112072715,-0.03633262152360983,-0.03633262152360972,-1.1102230246251565e-16,False,1.0777076817327833,-0.0882969643211503
2026-03-24,000001.SH,3849.63,3881.42,3807.99,3881.28,680622039.0,negative_bubble,0.601155176131263,强抄底信号 (Strong Buy),hold,1.0,default_cli,1.0,0.0,257.6651504768058,1000070.595242617,1000070.595242617,1.000070595242617,1.0752331904779056,0.01783241723660467,0.01783241723660467,0.0,False,1.0777076817327833,-0.07203909539304587
2026-03-25,000001.SH,3892.27,3933.06,3891.82,3931.84,688343626.0,negative_bubble,0.5931779838656551,强抄底信号 (Strong Buy),hold,1.0,default_cli,1.0,0.0,257.6651504768058,1013098.1452507243,1013098.1452507243,1.0130981452507242,1.089239855833294,0.013026630389974425,0.013026630389974425,0.0,False,1.0777076817327833,-0.059950891672384876
2026-03-26,000001.SH,3924.96,3937.1,3880.57,3889.08,615973981.0,negative_bubble,0.5933977135006743,强抄底信号 (Strong Buy),hold,1.0,default_cli,1.0,0.0,257.6651504768058,1002080.3834163359,1002080.3834163359,1.0020803834163359,1.0773940288832067,-0.010875315373972683,-0.010875315373972572,-1.1102230246251565e-16,False,1.0777076817327833,-0.07017422219246938
2026-03-27,000001.SH,3852.09,3924.11,3852.09,3913.72,561342963.0,negative_bubble,0.6147631343133403,强抄底信号 (Strong Buy),hold,1.0,default_cli,1.0,0.0,257.6651504768058,1008429.2527240844,1008429.2527240844,1.0084292527240843,1.0842200619994404,0.0063356886461580775,0.006335688646157855,2.220446049250313e-16,False,1.0777076817327833,-0.06428313556910925
