date,symbol,open,high,low,close,volume,lppl_signal,signal_strength,position_reason,action,target_position,param_source
2025-04-30,000001.SH,3284.08,3292.2,3277.55,3279.03,435794335.0,none,0.0,无信号,hold,0.0,default_cli
2025-05-06,000001.SH,3295.25,3316.45,3286.99,3316.11,474369617.0,none,0.0,无信号,hold,0.0,default_cli
2025-05-07,000001.SH,3354.97,3356.69,3324.81,3342.67,511159606.0,none,0.0,无信号,hold,0.0,default_cli
2025-05-08,000001.SH,3331.21,3359.73,3327.9,3352.0,428377766.0,none,0.0,无信号,hold,0.0,default_cli
2025-05-09,000001.SH,3350.41,3351.22,3335.13,3342.0,398909191.0,none,0.0,无信号,hold,0.0,default_cli
2025-05-12,000001.SH,3352.97,3372.47,3344.27,3369.24,418239910.0,none,0.0,无信号,hold,0.0,default_cli
2025-05-13,000001.SH,3386.23,3386.23,3370.25,3374.87,426240700.0,none,0.0,无信号,hold,0.0,default_cli
2025-05-14,000001.SH,3374.24,3417.31,3368.08,3403.95,464934441.0,none,0.0,无信号,hold,0.0,default_cli
2025-05-15,000001.SH,3398.43,3402.87,3378.02,3380.82,424100916.0,none,0.0,无信号,hold,0.0,default_cli
2025-05-16,000001.SH,3374.71,3380.29,3356.66,3367.46,395401030.0,none,0.0,无信号,hold,0.0,default_cli
2025-05-19,000001.SH,3365.88,3373.6,3356.65,3367.58,403074805.0,none,0.0,无信号,hold,0.0,default_cli
2025-05-20,000001.SH,3371.69,3387.8,3369.96,3380.48,405544534.0,none,0.0,无信号,hold,0.0,default_cli
2025-05-21,000001.SH,3380.21,3394.75,3380.21,3387.57,412496165.0,none,0.0,无信号,hold,0.0,default_cli
2025-05-22,000001.SH,3381.87,3390.59,3376.23,3380.19,394217206.0,none,0.0,无信号,hold,0.0,default_cli
2025-05-23,000001.SH,3376.87,3389.47,3348.37,3348.37,400227004.0,none,0.0,无信号,hold,0.0,default_cli
2025-05-26,000001.SH,3346.56,3362.31,3336.36,3346.84,347562101.0,none,0.0,无信号,hold,0.0,default_cli
2025-05-27,000001.SH,3346.5,3351.57,3332.49,3340.69,344071157.0,none,0.0,无信号,hold,0.0,default_cli
2025-05-28,000001.SH,3341.85,3348.23,3336.73,3339.93,341555443.0,none,0.0,无信号,hold,0.0,default_cli
2025-05-29,000001.SH,3340.4,3368.63,3337.42,3363.45,393233806.0,none,0.0,无信号,hold,0.0,default_cli
2025-05-30,000001.SH,3358.81,3361.28,3341.65,3347.49,385602170.0,none,0.0,无信号,hold,0.0,default_cli
2025-06-03,000001.SH,3340.07,3367.0,3340.07,3361.98,398060772.0,none,0.0,无信号,hold,0.0,default_cli
2025-06-04,000001.SH,3363.39,3379.64,3363.39,3376.2,386494643.0,none,0.0,无信号,hold,0.0,default_cli
2025-06-05,000001.SH,3378.22,3387.76,3371.15,3384.1,406252093.0,none,0.0,无信号,hold,0.0,default_cli
2025-06-06,000001.SH,3384.29,3391.45,3379.76,3385.36,380122886.0,none,0.0,无信号,hold,0.0,default_cli
2025-06-09,000001.SH,3388.78,3402.05,3383.07,3399.77,427347947.0,none,0.0,无信号,hold,0.0,default_cli
2025-06-10,000001.SH,3402.01,3406.45,3365.67,3384.82,481618568.0,none,0.0,无信号,hold,0.0,default_cli
2025-06-11,000001.SH,3385.46,3413.51,3385.46,3402.32,424090313.0,none,0.0,无信号,hold,0.0,default_cli
2025-06-12,000001.SH,3397.97,3408.2,3388.87,3402.66,409490610.0,none,0.0,无信号,hold,0.0,default_cli
2025-06-13,000001.SH,3397.48,3401.55,3370.59,3377.0,510065221.0,none,0.0,无信号,hold,0.0,default_cli
2025-06-16,000001.SH,3369.37,3389.76,3368.88,3388.73,405383278.0,none,0.0,无信号,hold,0.0,default_cli
2025-06-17,000001.SH,3388.18,3393.31,3376.42,3387.4,390012447.0,none,0.0,无信号,hold,0.0,default_cli
2025-06-18,000001.SH,3386.14,3391.71,3369.99,3388.81,378684891.0,none,0.0,无信号,hold,0.0,default_cli
2025-06-19,000001.SH,3384.29,3386.92,3353.94,3362.11,415327655.0,none,0.0,无信号,hold,0.0,default_cli
2025-06-20,000001.SH,3358.91,3370.8,3357.71,3359.9,350223662.0,none,0.0,无信号,hold,0.0,default_cli
2025-06-23,000001.SH,3349.46,3389.45,3347.65,3381.58,384561397.0,none,0.0,无信号,hold,0.0,default_cli
2025-06-24,000001.SH,3380.08,3423.78,3380.08,3420.57,460963800.0,none,0.0,无信号,hold,0.0,default_cli
2025-06-25,000001.SH,3419.09,3459.01,3417.41,3455.97,509384064.0,none,0.0,无信号,hold,0.0,default_cli
2025-06-26,000001.SH,3451.72,3462.75,3446.19,3448.45,496541077.0,none,0.0,无信号,hold,0.0,default_cli
2025-06-27,000001.SH,3450.69,3462.63,3421.04,3424.23,523129432.0,none,0.0,无信号,hold,0.0,default_cli
2025-06-30,000001.SH,3423.47,3447.46,3420.11,3444.43,457348049.0,none,0.0,无信号,hold,0.0,default_cli
2025-07-01,000001.SH,3445.85,3459.59,3441.04,3457.75,444356739.0,none,0.0,无信号,hold,0.0,default_cli
2025-07-02,000001.SH,3458.17,3461.33,3447.96,3454.79,498116776.0,none,0.0,无信号,hold,0.0,default_cli
2025-07-03,000001.SH,3456.15,3463.62,3446.97,3461.15,438543465.0,none,0.0,无信号,hold,0.0,default_cli
2025-07-04,000001.SH,3459.59,3497.22,3455.49,3472.32,500195210.0,none,0.0,无信号,hold,0.0,default_cli
2025-07-07,000001.SH,3467.98,3474.8,3462.79,3473.13,436631340.0,none,0.0,无信号,hold,0.0,default_cli
2025-07-08,000001.SH,3474.63,3499.89,3474.63,3497.48,493484773.0,none,0.0,无信号,hold,0.0,default_cli
2025-07-09,000001.SH,3498.72,3512.67,3491.2,3493.05,523920088.0,none,0.0,无信号,hold,0.0,default_cli
2025-07-10,000001.SH,3491.5,3526.59,3491.5,3509.68,564159805.0,none,0.0,无信号,hold,0.0,default_cli
2025-07-11,000001.SH,3511.37,3555.22,3506.8,3510.18,664185249.0,none,0.0,无信号,hold,0.0,default_cli
2025-07-14,000001.SH,3513.25,3532.12,3513.25,3519.65,572084705.0,none,0.0,无信号,hold,0.0,default_cli
2025-07-15,000001.SH,3519.81,3527.04,3483.38,3505.0,572074726.0,none,0.0,无信号,hold,0.0,default_cli
2025-07-16,000001.SH,3502.9,3511.81,3489.14,3503.78,470878578.0,none,0.0,无信号,hold,0.0,default_cli
2025-07-17,000001.SH,3500.37,3517.28,3499.19,3516.83,472211056.0,none,0.0,无信号,hold,0.0,default_cli
2025-07-18,000001.SH,3519.48,3536.01,3518.23,3534.48,493484088.0,none,0.0,无信号,hold,0.0,default_cli
2025-07-21,000001.SH,3542.82,3560.63,3542.57,3559.79,633649736.0,none,0.0,无信号,hold,0.0,default_cli
2025-07-22,000001.SH,3561.63,3584.72,3547.25,3581.86,716155230.0,none,0.0,无信号,hold,0.0,default_cli
2025-07-23,000001.SH,3588.88,3613.02,3577.59,3582.3,767672388.0,none,0.0,无信号,hold,0.0,default_cli
2025-07-24,000001.SH,3578.91,3608.73,3577.11,3605.73,773265835.0,none,0.0,无信号,hold,0.0,default_cli
2025-07-25,000001.SH,3604.45,3610.03,3586.22,3593.66,697189549.0,none,0.0,无信号,hold,0.0,default_cli
2025-07-28,000001.SH,3594.23,3606.27,3582.15,3597.94,594187877.0,none,0.0,无信号,hold,0.0,default_cli
2025-07-29,000001.SH,3595.81,3611.35,3585.94,3609.71,610642058.0,none,0.0,无信号,hold,0.0,default_cli
2025-07-30,000001.SH,3608.35,3636.17,3593.73,3615.72,637221916.0,none,0.0,无信号,hold,0.0,default_cli
2025-07-31,000001.SH,3604.7,3606.37,3562.61,3573.21,654509349.0,none,0.0,无信号,hold,0.0,default_cli
2025-08-01,000001.SH,3568.26,3581.75,3550.04,3559.95,509563080.0,none,0.0,无信号,hold,0.0,default_cli
2025-08-04,000001.SH,3547.16,3583.31,3547.16,3583.31,458573618.0,none,0.0,无信号,hold,0.0,default_cli
2025-08-05,000001.SH,3588.81,3617.6,3586.97,3617.6,499797780.0,none,0.0,无信号,hold,0.0,default_cli
2025-08-06,000001.SH,3615.81,3634.31,3613.99,3633.99,512467273.0,none,0.0,无信号,hold,0.0,default_cli
2025-08-07,000001.SH,3637.78,3645.12,3622.52,3639.67,535501202.0,none,0.0,无信号,hold,0.0,default_cli
2025-08-08,000001.SH,3634.85,3645.37,3625.45,3635.13,526407572.0,none,0.0,无信号,hold,0.0,default_cli
2025-08-11,000001.SH,3637.05,3656.85,3629.63,3647.55,551393348.0,none,0.0,无信号,hold,0.0,default_cli
2025-08-12,000001.SH,3647.96,3669.04,3647.96,3665.92,536623739.0,none,0.0,无信号,hold,0.0,default_cli
2025-08-13,000001.SH,3668.66,3688.63,3666.55,3683.46,613528884.0,none,0.0,无信号,hold,0.0,default_cli
2025-08-14,000001.SH,3685.52,3704.77,3662.57,3666.44,647829587.0,none,0.0,无信号,hold,0.0,default_cli
2025-08-15,000001.SH,3659.81,3702.26,3658.38,3696.77,678521703.0,none,0.0,无信号,hold,0.0,default_cli
2025-08-18,000001.SH,3712.5,3745.94,3702.38,3728.03,776016669.0,none,0.0,无信号,hold,0.0,default_cli
2025-08-19,000001.SH,3728.49,3746.67,3718.15,3727.29,696099750.0,none,0.0,无信号,hold,0.0,default_cli
2025-08-20,000001.SH,3716.68,3767.43,3704.99,3766.21,679836426.0,none,0.0,无信号,hold,0.0,default_cli
2025-08-21,000001.SH,3770.68,3787.98,3757.99,3771.1,691552959.0,none,0.0,无信号,hold,0.0,default_cli
2025-08-22,000001.SH,3772.28,3825.76,3772.28,3825.76,698136277.0,none,0.0,无信号,hold,0.0,default_cli
2025-08-25,000001.SH,3848.16,3883.56,3839.97,3883.56,885474802.0,none,0.0,无信号,hold,0.0,default_cli
2025-08-26,000001.SH,3871.47,3888.6,3859.76,3868.38,734565305.0,negative_bubble,0.7071817862802611,强抄底信号 (Strong Buy),buy,1.0,default_cli
2025-08-27,000001.SH,3869.61,3887.2,3800.35,3800.35,858633499.0,negative_bubble,0.7041471349881191,强抄底信号 (Strong Buy),hold,1.0,default_cli
2025-08-28,000001.SH,3796.71,3845.09,3761.42,3843.6,788351947.0,negative_bubble,0.7029370999969321,强抄底信号 (Strong Buy),hold,1.0,default_cli
2025-08-29,000001.SH,3842.82,3867.61,3839.21,3857.93,739462366.0,negative_bubble,0.7013190642876748,强抄底信号 (Strong Buy),hold,1.0,default_cli
2025-09-01,000001.SH,3869.75,3879.05,3853.66,3875.53,747709536.0,negative_bubble,0.6999641459633357,强抄底信号 (Strong Buy),hold,1.0,default_cli
2025-09-02,000001.SH,3877.09,3885.31,3828.68,3858.13,762618833.0,negative_bubble,0.699285469373179,强抄底信号 (Strong Buy),hold,1.0,default_cli
2025-09-03,000001.SH,3865.29,3868.39,3794.88,3813.56,645668510.0,negative_bubble,0.698460794526763,强抄底信号 (Strong Buy),hold,1.0,default_cli
2025-09-04,000001.SH,3807.76,3808.4,3732.84,3765.88,710227933.0,negative_bubble,0.6985655676629692,强抄底信号 (Strong Buy),hold,1.0,default_cli
2025-09-05,000001.SH,3761.88,3817.16,3745.31,3812.51,626223380.0,negative_bubble,0.6987505147854471,强抄底信号 (Strong Buy),hold,1.0,default_cli
2025-09-08,000001.SH,3811.67,3833.14,3803.6,3826.84,660066898.0,negative_bubble,0.6988024372910704,强抄底信号 (Strong Buy),hold,1.0,default_cli
2025-09-09,000001.SH,3816.66,3834.67,3791.72,3807.29,600239380.0,negative_bubble,0.6990491220988746,强抄底信号 (Strong Buy),hold,1.0,default_cli
2025-09-10,000001.SH,3806.58,3827.0,3794.06,3812.22,534539825.0,negative_bubble,0.641123870996817,强抄底信号 (Strong Buy),hold,1.0,default_cli
2025-09-11,000001.SH,3806.06,3875.31,3796.43,3875.31,617012930.0,negative_bubble,0.645552647126357,强抄底信号 (Strong Buy),hold,1.0,default_cli
2025-09-12,000001.SH,3875.51,3892.74,3866.54,3870.6,700641784.0,negative_bubble,0.6487145326861619,强抄底信号 (Strong Buy),hold,1.0,default_cli
2025-09-15,000001.SH,3876.1,3879.74,3855.97,3860.5,644793944.0,negative_bubble,0.6512488508049359,强抄底信号 (Strong Buy),hold,1.0,default_cli
2025-09-16,000001.SH,3865.98,3876.69,3838.65,3861.87,673439723.0,negative_bubble,0.6517721925505915,强抄底信号 (Strong Buy),hold,1.0,default_cli
2025-09-17,000001.SH,3854.07,3882.67,3848.95,3876.34,663434713.0,negative_bubble,0.6511069813647676,强抄底信号 (Strong Buy),hold,1.0,default_cli
2025-09-18,000001.SH,3876.06,3899.96,3801.0,3831.66,876027389.0,negative_bubble,0.6499153381947486,强抄底信号 (Strong Buy),hold,1.0,default_cli
2025-09-19,000001.SH,3830.44,3843.17,3811.9,3820.09,682292613.0,negative_bubble,0.5803504398915272,强抄底信号 (Strong Buy),hold,1.0,default_cli
2025-09-22,000001.SH,3822.01,3831.74,3806.2,3828.58,568325686.0,negative_bubble,0.5842758923232194,强抄底信号 (Strong Buy),hold,1.0,default_cli
2025-09-23,000001.SH,3830.14,3838.61,3774.53,3821.83,701902868.0,negative_bubble,0.5881037936469973,强抄底信号 (Strong Buy),hold,1.0,default_cli
2025-09-24,000001.SH,3804.48,3854.92,3804.33,3853.64,602056670.0,negative_bubble,0.5913125387510653,强抄底信号 (Strong Buy),hold,1.0,default_cli
2025-09-25,000001.SH,3852.43,3866.11,3840.46,3853.3,589950531.0,negative_bubble,0.721779332364169,强抄底信号 (Strong Buy),hold,1.0,default_cli
2025-09-26,000001.SH,3839.86,3856.61,3828.11,3828.11,551275335.0,negative_bubble,0.7255738580384522,强抄底信号 (Strong Buy),hold,1.0,default_cli
2025-09-29,000001.SH,3828.17,3881.0,3809.54,3862.53,608466399.0,negative_bubble,0.7281269268719951,强抄底信号 (Strong Buy),hold,1.0,default_cli
2025-09-30,000001.SH,3869.7,3887.57,3866.28,3882.78,569734631.0,negative_bubble,0.7296485903848111,强抄底信号 (Strong Buy),hold,1.0,default_cli
2025-10-09,000001.SH,3898.31,3936.58,3885.74,3933.97,725218501.0,negative_bubble,0.7298179702833549,强抄底信号 (Strong Buy),hold,1.0,default_cli
2025-10-10,000001.SH,3915.48,3933.01,3886.31,3897.03,718917673.0,negative_bubble,0.7262180433969017,强抄底信号 (Strong Buy),hold,1.0,default_cli
2025-10-13,000001.SH,3800.11,3895.83,3800.11,3889.5,709506101.0,negative_bubble,0.5970376340790091,强抄底信号 (Strong Buy),hold,1.0,default_cli
2025-10-14,000001.SH,3910.78,3918.44,3851.12,3865.23,800839631.0,negative_bubble,0.5982737477725095,强抄底信号 (Strong Buy),hold,1.0,default_cli
2025-10-15,000001.SH,3867.54,3912.29,3857.67,3912.21,645012955.0,negative_bubble,0.6006187544675243,强抄底信号 (Strong Buy),hold,1.0,default_cli
2025-10-16,000001.SH,3900.68,3931.05,3899.17,3916.23,595451491.0,negative_bubble,0.6018287001734808,强抄底信号 (Strong Buy),hold,1.0,default_cli
2025-10-17,000001.SH,3912.04,3921.06,3835.36,3839.76,617563018.0,negative_bubble,0.6026614280048496,强抄底信号 (Strong Buy),hold,1.0,default_cli
2025-10-20,000001.SH,3865.55,3877.72,3850.37,3863.89,549261712.0,negative_bubble,0.6064442425560322,强抄底信号 (Strong Buy),hold,1.0,default_cli
2025-10-21,000001.SH,3870.75,3919.32,3868.15,3916.33,599415713.0,negative_bubble,0.6095866114785627,强抄底信号 (Strong Buy),hold,1.0,default_cli
2025-10-22,000001.SH,3896.07,3918.59,3893.33,3913.76,543117344.0,negative_bubble,0.6100767665893676,强抄底信号 (Strong Buy),hold,1.0,default_cli
2025-10-23,000001.SH,3904.16,3926.22,3877.53,3922.41,565189264.0,negative_bubble,0.6118939364592272,强抄底信号 (Strong Buy),hold,1.0,default_cli
2025-10-24,000001.SH,3929.12,3950.31,3928.96,3950.31,567858443.0,negative_bubble,0.6114944880676864,强抄底信号 (Strong Buy),hold,1.0,default_cli
2025-10-27,000001.SH,3969.22,3999.07,3963.1,3996.94,637589545.0,negative_bubble,0.6131158854097996,强抄底信号 (Strong Buy),hold,1.0,default_cli
2025-10-28,000001.SH,3986.89,4010.73,3976.83,3988.22,577357684.0,none,0.0,无信号,hold,1.0,default_cli
2025-10-29,000001.SH,3990.27,4016.33,3986.94,4016.33,612917466.0,none,0.0,无信号,hold,1.0,default_cli
2025-10-30,000001.SH,4007.82,4025.7,3984.83,3986.9,668485609.0,none,0.0,无信号,hold,1.0,default_cli
2025-10-31,000001.SH,3985.06,3986.74,3951.73,3954.79,675615406.0,negative_bubble,0.6034934718197169,强抄底信号 (Strong Buy),hold,1.0,default_cli
2025-11-03,000001.SH,3954.08,3977.31,3937.02,3976.52,641245945.0,negative_bubble,0.6011657781832911,强抄底信号 (Strong Buy),hold,1.0,default_cli
2025-11-04,000001.SH,3973.46,3985.88,3938.52,3960.19,615493792.0,negative_bubble,0.6016241358155923,强抄底信号 (Strong Buy),hold,1.0,default_cli
2025-11-05,000001.SH,3922.58,3979.75,3922.58,3969.25,614991618.0,negative_bubble,0.6022428002827781,强抄底信号 (Strong Buy),hold,1.0,default_cli
2025-11-06,000001.SH,3973.35,4008.8,3973.35,4007.76,627367547.0,negative_bubble,0.6022766616818436,强抄底信号 (Strong Buy),hold,1.0,default_cli
2025-11-07,000001.SH,3994.32,4012.01,3993.69,3997.56,596507034.0,negative_bubble,0.6012771244768593,强抄底信号 (Strong Buy),hold,1.0,default_cli
2025-11-10,000001.SH,4001.79,4018.7,3990.84,4018.6,634049993.0,negative_bubble,0.6022774615444612,强抄底信号 (Strong Buy),hold,1.0,default_cli
2025-11-11,000001.SH,4023.88,4024.94,3991.52,4002.76,581994921.0,negative_bubble,0.6009348561779966,强抄底信号 (Strong Buy),hold,1.0,default_cli
2025-11-12,000001.SH,3996.56,4020.38,3980.68,4000.14,586193228.0,negative_bubble,0.6000714364188018,强抄底信号 (Strong Buy),hold,1.0,default_cli
2025-11-13,000001.SH,3996.51,4030.4,3994.77,4029.5,613031061.0,negative_bubble,0.6001264225524416,强抄底信号 (Strong Buy),hold,1.0,default_cli
2025-11-14,000001.SH,4007.13,4034.08,3990.31,3990.49,622017118.0,negative_bubble,0.5997511214654656,强抄底信号 (Strong Buy),hold,1.0,default_cli
2025-11-17,000001.SH,3988.56,3992.4,3958.95,3972.03,592017950.0,negative_bubble,0.5997979275500243,强抄底信号 (Strong Buy),hold,1.0,default_cli
2025-11-18,000001.SH,3962.44,3966.89,3926.59,3939.81,594411046.0,negative_bubble,0.6004143731420388,强抄底信号 (Strong Buy),hold,1.0,default_cli
2025-11-19,000001.SH,3937.92,3960.05,3930.07,3946.74,531149601.0,negative_bubble,0.6016187150979238,强抄底信号 (Strong Buy),hold,1.0,default_cli
2025-11-20,000001.SH,3960.7,3967.97,3927.51,3931.05,534749540.0,negative_bubble,0.6028235449164305,强抄底信号 (Strong Buy),hold,1.0,default_cli
2025-11-21,000001.SH,3896.66,3912.01,3834.75,3834.89,631646251.0,negative_bubble,0.603759824547166,强抄底信号 (Strong Buy),hold,1.0,default_cli
2025-11-24,000001.SH,3848.66,3854.33,3816.58,3836.77,504601716.0,negative_bubble,0.6044205559599729,强抄底信号 (Strong Buy),hold,1.0,default_cli
2025-11-25,000001.SH,3850.57,3882.03,3845.14,3870.02,478727611.0,negative_bubble,0.6052777208311795,强抄底信号 (Strong Buy),hold,1.0,default_cli
2025-11-26,000001.SH,3867.43,3879.92,3861.18,3864.18,457589755.0,negative_bubble,0.6060033366870909,强抄底信号 (Strong Buy),hold,1.0,default_cli
2025-11-27,000001.SH,3867.2,3895.59,3864.13,3875.26,444021947.0,negative_bubble,0.6731936033802203,强抄底信号 (Strong Buy),hold,1.0,default_cli
2025-11-28,000001.SH,3870.94,3888.89,3856.25,3888.6,449931973.0,negative_bubble,0.6732157284569766,强抄底信号 (Strong Buy),hold,1.0,default_cli
2025-12-01,000001.SH,3894.21,3914.46,3890.95,3914.01,537554133.0,negative_bubble,0.6725662996810143,强抄底信号 (Strong Buy),hold,1.0,default_cli
2025-12-02,000001.SH,3908.46,3908.77,3888.33,3897.71,455584494.0,negative_bubble,0.6722599071292139,强抄底信号 (Strong Buy),hold,1.0,default_cli
2025-12-03,000001.SH,3894.16,3901.7,3869.95,3878.0,485617270.0,negative_bubble,0.606769224331593,强抄底信号 (Strong Buy),hold,1.0,default_cli
2025-12-04,000001.SH,3879.74,3888.86,3859.05,3875.79,445040290.0,negative_bubble,0.6072088451284723,强抄底信号 (Strong Buy),hold,1.0,default_cli
2025-12-05,000001.SH,3873.12,3907.78,3863.31,3902.81,500368768.0,negative_bubble,0.6077966578105266,强抄底信号 (Strong Buy),hold,1.0,default_cli
2025-12-08,000001.SH,3909.23,3936.31,3904.74,3924.08,547349789.0,negative_bubble,0.6087388685576289,强抄底信号 (Strong Buy),hold,1.0,default_cli
2025-12-09,000001.SH,3916.51,3923.9,3902.13,3909.52,524538256.0,negative_bubble,0.6095191560103961,强抄底信号 (Strong Buy),hold,1.0,default_cli
2025-12-10,000001.SH,3901.13,3906.12,3876.47,3900.5,497331504.0,negative_bubble,0.6101827520269211,强抄底信号 (Strong Buy),hold,1.0,default_cli
2025-12-11,000001.SH,3903.89,3904.96,3862.82,3873.32,525658600.0,negative_bubble,0.6099647123896703,强抄底信号 (Strong Buy),hold,1.0,default_cli
2025-12-12,000001.SH,3869.41,3891.81,3850.6,3889.35,573947130.0,negative_bubble,0.6786415722510304,强抄底信号 (Strong Buy),hold,1.0,default_cli
2025-12-15,000001.SH,3865.4,3896.98,3863.63,3867.92,500922790.0,negative_bubble,0.6798111862826696,强抄底信号 (Strong Buy),hold,1.0,default_cli
2025-12-16,000001.SH,3861.51,3862.43,3815.84,3824.81,512494827.0,negative_bubble,0.6800061419776644,强抄底信号 (Strong Buy),hold,1.0,default_cli
2025-12-17,000001.SH,3822.51,3881.75,3818.0,3870.28,512313692.0,negative_bubble,0.6786657249732224,强抄底信号 (Strong Buy),hold,1.0,default_cli
2025-12-18,000001.SH,3857.26,3888.29,3856.42,3876.37,461172625.0,negative_bubble,0.6772873545917921,强抄底信号 (Strong Buy),hold,1.0,default_cli
2025-12-19,000001.SH,3878.23,3902.67,3871.78,3890.45,513511893.0,negative_bubble,0.6755563056299569,强抄底信号 (Strong Buy),hold,1.0,default_cli
2025-12-22,000001.SH,3900.54,3920.01,3900.52,3917.36,522938992.0,none,0.0,无信号,hold,1.0,default_cli
2025-12-23,000001.SH,3919.11,3937.13,3910.74,3919.98,521156952.0,none,0.0,无信号,hold,1.0,default_cli
2025-12-24,000001.SH,3920.35,3947.04,3912.31,3940.95,474896447.0,negative_bubble,0.6328606000837017,强抄底信号 (Strong Buy),hold,1.0,default_cli
2025-12-25,000001.SH,3937.72,3964.07,3936.08,3959.62,469313093.0,none,0.0,无信号,hold,1.0,default_cli
2025-12-26,000001.SH,3957.83,3977.71,3945.52,3963.68,555489592.0,bubble_warning,0.42098216097600216,观察信号,reduce,0.5,default_cli
2025-12-29,000001.SH,3964.65,3983.98,3956.95,3965.28,563687197.0,negative_bubble,0.6361239746208727,强抄底信号 (Strong Buy),add,1.0,default_cli
2025-12-30,000001.SH,3947.87,3979.99,3947.42,3965.12,525932588.0,negative_bubble,0.6356697798340354,强抄底信号 (Strong Buy),hold,1.0,default_cli
2025-12-31,000001.SH,3968.73,3977.54,3955.49,3968.84,490751490.0,negative_bubble,0.6346890191423036,强抄底信号 (Strong Buy),hold,1.0,default_cli
2026-01-05,000001.SH,3986.97,4025.26,3983.58,4023.42,596950455.0,negative_bubble,0.6334723783490925,强抄底信号 (Strong Buy),hold,1.0,default_cli
2026-01-06,000001.SH,4026.02,4083.67,4025.09,4083.67,702472270.0,negative_bubble,0.6320687225376427,强抄底信号 (Strong Buy),hold,1.0,default_cli
2026-01-07,000001.SH,4083.84,4098.78,4069.44,4085.77,683384352.0,negative_bubble,0.6277375784050437,强抄底信号 (Strong Buy),hold,1.0,default_cli
2026-01-08,000001.SH,4077.72,4093.87,4067.12,4082.98,666131337.0,negative_bubble,0.6251937439625468,强抄底信号 (Strong Buy),hold,1.0,default_cli
2026-01-09,000001.SH,4086.76,4121.72,4083.62,4120.43,729837985.0,negative_bubble,0.6229131505336786,强抄底信号 (Strong Buy),hold,1.0,default_cli
2026-01-12,000001.SH,4134.89,4168.36,4119.88,4165.29,839456089.0,negative_bubble,0.7267740750295373,强抄底信号 (Strong Buy),hold,1.0,default_cli
2026-01-13,000001.SH,4169.7,4179.7,4126.23,4138.76,868382717.0,negative_bubble,0.7244573178348568,强抄底信号 (Strong Buy),hold,1.0,default_cli
2026-01-14,000001.SH,4138.65,4190.87,4103.62,4126.09,952551289.0,negative_bubble,0.723408756407999,强抄底信号 (Strong Buy),hold,1.0,default_cli
2026-01-15,000001.SH,4106.22,4133.07,4096.85,4112.6,680250791.0,negative_bubble,0.7225786913760525,强抄底信号 (Strong Buy),hold,1.0,default_cli
2026-01-16,000001.SH,4127.06,4140.23,4091.81,4101.91,763588465.0,negative_bubble,0.7219840929019621,强抄底信号 (Strong Buy),hold,1.0,default_cli
2026-01-19,000001.SH,4090.72,4126.52,4090.06,4114.0,688905870.0,negative_bubble,0.7215857399732836,强抄底信号 (Strong Buy),hold,1.0,default_cli
2026-01-20,000001.SH,4116.37,4128.93,4080.29,4113.65,734362496.0,negative_bubble,0.7210908868941678,强抄底信号 (Strong Buy),hold,1.0,default_cli
2026-01-21,000001.SH,4103.53,4135.96,4103.53,4116.94,666989507.0,negative_bubble,0.7206123937594509,强抄底信号 (Strong Buy),hold,1.0,default_cli
2026-01-22,000001.SH,4126.07,4140.84,4109.92,4122.58,709695409.0,negative_bubble,0.7200331141122749,强抄底信号 (Strong Buy),hold,1.0,default_cli
2026-01-23,000001.SH,4130.11,4143.75,4120.2,4136.16,782115454.0,negative_bubble,0.7191631656914301,强抄底信号 (Strong Buy),hold,1.0,default_cli
2026-01-26,000001.SH,4144.78,4160.99,4124.7,4132.61,887439731.0,negative_bubble,0.7181463268023949,强抄底信号 (Strong Buy),hold,1.0,default_cli
2026-01-27,000001.SH,4125.22,4158.8,4101.83,4139.9,754990869.0,negative_bubble,0.7169798030710468,强抄底信号 (Strong Buy),hold,1.0,default_cli
2026-01-28,000001.SH,4150.22,4170.15,4138.02,4151.24,823026748.0,negative_bubble,0.6545145395189012,强抄底信号 (Strong Buy),hold,1.0,default_cli
2026-01-29,000001.SH,4155.92,4170.21,4138.3,4157.98,905908371.0,negative_bubble,0.6543088457326482,强抄底信号 (Strong Buy),hold,1.0,default_cli
2026-01-30,000001.SH,4131.99,4152.85,4064.78,4117.95,804342746.0,negative_bubble,0.6540931462470887,强抄底信号 (Strong Buy),hold,1.0,default_cli
2026-02-02,000001.SH,4079.71,4103.41,4013.66,4015.75,732953698.0,negative_bubble,0.654627871370812,强抄底信号 (Strong Buy),hold,1.0,default_cli
2026-02-03,000001.SH,4043.91,4069.42,4002.78,4067.74,637684249.0,negative_bubble,0.6557698847053951,强抄底信号 (Strong Buy),hold,1.0,default_cli
2026-02-04,000001.SH,4064.68,4104.62,4062.68,4102.2,674254244.0,negative_bubble,0.6559733920625124,强抄底信号 (Strong Buy),hold,1.0,default_cli
2026-02-05,000001.SH,4075.03,4088.9,4048.94,4075.92,596722236.0,negative_bubble,0.5873447543690199,强抄底信号 (Strong Buy),hold,1.0,default_cli
2026-02-06,000001.SH,4040.3,4095.03,4029.97,4065.58,556709801.0,negative_bubble,0.5894782306281587,强抄底信号 (Strong Buy),hold,1.0,default_cli
2026-02-09,000001.SH,4103.54,4123.16,4093.06,4123.09,572632582.0,negative_bubble,0.7198544100055071,强抄底信号 (Strong Buy),hold,1.0,default_cli
2026-02-10,000001.SH,4127.77,4134.34,4117.56,4128.37,524620969.0,negative_bubble,0.7221782965689298,强抄底信号 (Strong Buy),hold,1.0,default_cli
2026-02-11,000001.SH,4124.43,4142.56,4122.43,4131.99,500685278.0,negative_bubble,0.7234405964430616,强抄底信号 (Strong Buy),hold,1.0,default_cli
2026-02-12,000001.SH,4136.99,4140.59,4124.13,4134.02,529370116.0,negative_bubble,0.7243625696168685,强抄底信号 (Strong Buy),hold,1.0,default_cli
2026-02-13,000001.SH,4115.92,4123.84,4079.77,4082.07,500799472.0,negative_bubble,0.725586062346405,强抄底信号 (Strong Buy),hold,1.0,default_cli
2026-02-24,000001.SH,4129.13,4131.55,4105.94,4117.41,566322249.0,negative_bubble,0.59986568369578,强抄底信号 (Strong Buy),hold,1.0,default_cli
2026-02-25,000001.SH,4123.78,4167.84,4122.7,4147.23,724787214.0,negative_bubble,0.6030452206165295,强抄底信号 (Strong Buy),hold,1.0,default_cli
2026-02-26,000001.SH,4151.07,4152.19,4127.15,4146.63,651702826.0,negative_bubble,0.6056642376977369,强抄底信号 (Strong Buy),hold,1.0,default_cli
2026-02-27,000001.SH,4128.9,4166.23,4128.36,4162.88,682047646.0,negative_bubble,0.607289036611254,强抄底信号 (Strong Buy),hold,1.0,default_cli
2026-03-02,000001.SH,4151.8,4188.77,4131.37,4182.59,861579218.0,negative_bubble,0.6086178412810073,强抄底信号 (Strong Buy),hold,1.0,default_cli
2026-03-03,000001.SH,4189.41,4197.23,4116.01,4122.68,921139170.0,negative_bubble,0.6088420963716188,强抄底信号 (Strong Buy),hold,1.0,default_cli
2026-03-04,000001.SH,4087.63,4106.04,4055.41,4082.47,765169531.0,negative_bubble,0.6096376739996405,强抄底信号 (Strong Buy),hold,1.0,default_cli
2026-03-05,000001.SH,4109.78,4125.62,4090.62,4108.57,689746535.0,negative_bubble,0.6108439770102653,强抄底信号 (Strong Buy),hold,1.0,default_cli
2026-03-06,000001.SH,4085.9,4129.46,4085.9,4124.19,646765760.0,negative_bubble,0.612220482853436,强抄底信号 (Strong Buy),hold,1.0,default_cli
2026-03-09,000001.SH,4098.7,4106.53,4052.55,4096.6,797803556.0,negative_bubble,0.6136224788135487,强抄底信号 (Strong Buy),hold,1.0,default_cli
2026-03-10,000001.SH,4098.59,4123.96,4098.59,4123.14,674922194.0,negative_bubble,0.6165388966185553,强抄底信号 (Strong Buy),hold,1.0,default_cli
2026-03-11,000001.SH,4123.67,4135.84,4112.8,4133.43,707727169.0,negative_bubble,0.6187014208517072,强抄底信号 (Strong Buy),hold,1.0,default_cli
2026-03-12,000001.SH,4133.2,4141.65,4103.16,4129.1,786151182.0,negative_bubble,0.6193738030967726,强抄底信号 (Strong Buy),hold,1.0,default_cli
2026-03-13,000001.SH,4117.57,4134.08,4086.85,4095.45,792054764.0,negative_bubble,0.6204056600885779,强抄底信号 (Strong Buy),hold,1.0,default_cli
2026-03-16,000001.SH,4092.25,4096.13,4048.09,4084.79,732227098.0,negative_bubble,0.6212135196976788,强抄底信号 (Strong Buy),hold,1.0,default_cli
2026-03-17,000001.SH,4086.3,4108.4,4049.58,4049.91,678771224.0,negative_bubble,0.6210499379743749,强抄底信号 (Strong Buy),hold,1.0,default_cli
2026-03-18,000001.SH,4053.31,4065.37,4023.03,4062.98,623873102.0,negative_bubble,0.620179208832599,强抄底信号 (Strong Buy),hold,1.0,default_cli
2026-03-19,000001.SH,4028.54,4042.02,3994.17,4006.55,667255422.0,negative_bubble,0.6193412701558618,强抄底信号 (Strong Buy),hold,1.0,default_cli
2026-03-20,000001.SH,4004.57,4022.7,3955.71,3957.05,666798387.0,negative_bubble,0.6169502774445469,强抄底信号 (Strong Buy),hold,1.0,default_cli
2026-03-23,000001.SH,3904.95,3906.62,3794.68,3813.28,804738850.0,negative_bubble,0.6129435204666988,强抄底信号 (Strong Buy),hold,1.0,default_cli
2026-03-24,000001.SH,3849.63,3881.42,3807.99,3881.28,680622039.0,negative_bubble,0.601155176131263,强抄底信号 (Strong Buy),hold,1.0,default_cli
2026-03-25,000001.SH,3892.27,3933.06,3891.82,3931.84,688343626.0,negative_bubble,0.5931779838656551,强抄底信号 (Strong Buy),hold,1.0,default_cli
2026-03-26,000001.SH,3924.96,3937.1,3880.57,3889.08,615973981.0,negative_bubble,0.5933977135006743,强抄底信号 (Strong Buy),hold,1.0,default_cli
2026-03-27,000001.SH,3852.09,3924.11,3852.09,3913.72,561342963.0,negative_bubble,0.6147631343133403,强抄底信号 (Strong Buy),hold,1.0,default_cli
