group,candidate_key,fast_ma,slow_ma,atr_period,atr_ma_window,buy_volatility_cap,vol_breakout_mult,enable_volatility_scaling,target_volatility,eligible_count,symbol_count,annualized_excess_return,max_drawdown,trade_count,turnover_rate,whipsaw_rate,calmar_ratio,group_pass,reject_reason,eligible,objective_score,risk_band,suggest_position
high_beta,ma=20/120|atr=20/20|buy=1.00|sell=1.05|vol_on|tv=0.20,20,120,20,20,1.0,1.05,True,0.2,1,3,-0.017044087293455117,-0.2817108475924785,6.666666666666667,6.377417446512467,0.0,-0.07259905310565284,True,non_positive_excess,False,0.7349305555555556,DANGER,0-20%
high_beta,ma=20/120|atr=20/20|buy=1.00|sell=1.05|vol_on|tv=0.18,20,120,20,20,1.0,1.05,True,0.18,1,3,-0.022916246999414486,-0.2635959758816897,7.0,6.236241692470416,0.0,-0.10267035797770778,True,non_positive_excess,False,0.6924305555555554,DANGER,0-20%
high_beta,ma=20/120|atr=20/20|buy=1.00|sell=1.10|vol_on|tv=0.20,20,120,20,20,1.0,1.1,True,0.2,1,3,-0.04486852424526455,-0.39479552542827506,5.666666666666667,5.111099526462858,0.0,-0.08184377210306361,True,non_positive_excess,False,0.5867361111111111,DANGER,0-20%
high_beta,ma=20/120|atr=20/20|buy=1.00|sell=1.10|vol_on|tv=0.18,20,120,20,20,1.0,1.1,True,0.18,1,3,-0.05058459175244386,-0.3825692060362482,6.0,5.021393860226085,0.0,-0.0989926753412949,True,non_positive_excess,False,0.5442361111111111,DANGER,0-20%
high_beta,ma=30/250|atr=20/20|buy=1.00|sell=1.15|vol_on|tv=0.18,30,250,20,20,1.0,1.15,True,0.18,0,3,-0.06206011420223848,-0.25822849408778686,0.6666666666666666,0.6664667266486721,0.0,-0.07171038512290327,False,"trade_count,non_positive_excess",False,0.7383333333333333,DANGER,0-20%
high_beta,ma=30/250|atr=20/20|buy=1.00|sell=1.15|vol_on|tv=0.20,30,250,20,20,1.0,1.15,True,0.2,0,3,-0.06206011420223848,-0.25822849408778686,0.6666666666666666,0.6664667266486721,0.0,-0.07171038512290327,False,"trade_count,non_positive_excess",False,0.7383333333333333,DANGER,0-20%
high_beta,ma=30/250|atr=20/40|buy=1.00|sell=1.10|vol_on|tv=0.18,30,250,20,40,1.0,1.1,True,0.18,0,3,-0.06206011420223848,-0.25822849408778686,0.6666666666666666,0.6664667266486721,0.0,-0.07171038512290327,False,"trade_count,non_positive_excess",False,0.7383333333333333,DANGER,0-20%
high_beta,ma=30/250|atr=20/40|buy=1.00|sell=1.10|vol_on|tv=0.20,30,250,20,40,1.0,1.1,True,0.2,0,3,-0.06206011420223848,-0.25822849408778686,0.6666666666666666,0.6664667266486721,0.0,-0.07171038512290327,False,"trade_count,non_positive_excess",False,0.7383333333333333,DANGER,0-20%
high_beta,ma=30/250|atr=20/40|buy=1.00|sell=1.15|vol_on|tv=0.18,30,250,20,40,1.0,1.15,True,0.18,0,3,-0.06206011420223848,-0.25822849408778686,0.6666666666666666,0.6664667266486721,0.0,-0.07171038512290327,False,"trade_count,non_positive_excess",False,0.7383333333333333,DANGER,0-20%
high_beta,ma=30/250|atr=20/40|buy=1.00|sell=1.15|vol_on|tv=0.20,30,250,20,40,1.0,1.15,True,0.2,0,3,-0.06206011420223848,-0.25822849408778686,0.6666666666666666,0.6664667266486721,0.0,-0.07171038512290327,False,"trade_count,non_positive_excess",False,0.7383333333333333,DANGER,0-20%
high_beta,ma=30/250|atr=20/40|buy=1.05|sell=1.10|vol_on|tv=0.18,30,250,20,40,1.05,1.1,True,0.18,0,3,-0.06012797259221762,-0.2752327423551059,1.6666666666666667,1.3554137718673553,0.0,-0.06258924136033157,False,"trade_count,non_positive_excess",False,0.72875,DANGER,0-20%
high_beta,ma=30/250|atr=20/40|buy=1.05|sell=1.15|vol_on|tv=0.18,30,250,20,40,1.05,1.15,True,0.18,0,3,-0.06012797259221762,-0.2752327423551059,1.6666666666666667,1.3554137718673553,0.0,-0.06258924136033157,False,"trade_count,non_positive_excess",False,0.72875,DANGER,0-20%
high_beta,ma=30/250|atr=20/60|buy=1.00|sell=1.10|vol_on|tv=0.18,30,250,20,60,1.0,1.1,True,0.18,0,3,-0.06012797259221762,-0.2752327423551059,1.6666666666666667,1.3554137718673553,0.0,-0.06258924136033157,False,"trade_count,non_positive_excess",False,0.72875,DANGER,0-20%
high_beta,ma=30/250|atr=20/60|buy=1.00|sell=1.15|vol_on|tv=0.18,30,250,20,60,1.0,1.15,True,0.18,0,3,-0.06012797259221762,-0.2752327423551059,1.6666666666666667,1.3554137718673553,0.0,-0.06258924136033157,False,"trade_count,non_positive_excess",False,0.72875,DANGER,0-20%
high_beta,ma=20/120|atr=20/20|buy=1.05|sell=1.05|vol_on|tv=0.20,20,120,20,20,1.05,1.05,True,0.2,0,3,-0.01729059256172046,-0.3071112321123776,7.666666666666667,7.002760939615197,0.0,-0.06714253165079741,False,non_positive_excess,False,0.7176388888888887,DANGER,0-20%
high_beta,ma=30/250|atr=20/40|buy=1.05|sell=1.10|vol_on|tv=0.20,30,250,20,40,1.05,1.1,True,0.2,0,3,-0.06060237661784399,-0.2767487708684276,1.6666666666666667,1.3498866081123209,0.0,-0.06335689652806681,False,"trade_count,non_positive_excess",False,0.7170833333333333,DANGER,0-20%
high_beta,ma=30/250|atr=20/40|buy=1.05|sell=1.15|vol_on|tv=0.20,30,250,20,40,1.05,1.15,True,0.2,0,3,-0.06060237661784399,-0.2767487708684276,1.6666666666666667,1.3498866081123209,0.0,-0.06335689652806681,False,"trade_count,non_positive_excess",False,0.7170833333333333,DANGER,0-20%
high_beta,ma=30/250|atr=20/60|buy=1.00|sell=1.10|vol_on|tv=0.20,30,250,20,60,1.0,1.1,True,0.2,0,3,-0.06060237661784399,-0.2767487708684276,1.6666666666666667,1.3498866081123209,0.0,-0.06335689652806681,False,"trade_count,non_positive_excess",False,0.7170833333333333,DANGER,0-20%
high_beta,ma=30/250|atr=20/60|buy=1.00|sell=1.15|vol_on|tv=0.20,30,250,20,60,1.0,1.15,True,0.2,0,3,-0.06060237661784399,-0.2767487708684276,1.6666666666666667,1.3498866081123209,0.0,-0.06335689652806681,False,"trade_count,non_positive_excess",False,0.7170833333333333,DANGER,0-20%
high_beta,ma=5/120|atr=14/20|buy=1.00|sell=1.05|vol_on|tv=0.20,5,120,14,20,1.0,1.05,True,0.2,0,3,-0.022726368318490175,-0.30585974333713317,9.666666666666666,7.326153586390554,0.0,-0.06813700930644598,False,non_positive_excess,False,0.7164583333333334,DANGER,0-20%
high_beta,ma=5/120|atr=14/20|buy=1.00|sell=1.10|vol_on|tv=0.20,5,120,14,20,1.0,1.1,True,0.2,0,3,-0.022726368318490175,-0.30585974333713317,9.666666666666666,7.326153586390554,0.0,-0.06813700930644598,False,non_positive_excess,False,0.7164583333333334,DANGER,0-20%
high_beta,ma=5/250|atr=20/40|buy=1.00|sell=1.10|vol_on|tv=0.18,5,250,20,40,1.0,1.1,True,0.18,0,3,-0.05546705603404519,-0.30105878170988715,4.0,2.690619055183405,0.0,-0.04705822614918229,False,non_positive_excess,False,0.7106944444444443,DANGER,0-20%
high_beta,ma=5/250|atr=20/40|buy=1.00|sell=1.15|vol_on|tv=0.18,5,250,20,40,1.0,1.15,True,0.18,0,3,-0.05546705603404519,-0.30105878170988715,4.0,2.690619055183405,0.0,-0.04705822614918229,False,non_positive_excess,False,0.7106944444444443,DANGER,0-20%
high_beta,ma=20/120|atr=14/40|buy=1.00|sell=1.05|vol_on|tv=0.20,20,120,14,40,1.0,1.05,True,0.2,0,3,-0.019167286190941324,-0.30301374924116614,8.333333333333334,7.616375053478336,0.0,-0.07030494885744593,False,non_positive_excess,False,0.7080555555555554,DANGER,0-20%
high_beta,ma=20/120|atr=14/40|buy=1.00|sell=1.10|vol_on|tv=0.20,20,120,14,40,1.0,1.1,True,0.2,0,3,-0.019167286190941324,-0.30301374924116614,8.333333333333334,7.616375053478336,0.0,-0.07030494885744593,False,non_positive_excess,False,0.7080555555555554,DANGER,0-20%
high_beta,ma=30/250|atr=14/60|buy=1.00|sell=1.15|vol_on|tv=0.18,30,250,14,60,1.0,1.15,True,0.18,0,3,-0.06592933055917623,-0.2714570615139065,1.3333333333333333,1.307956506991354,0.0,-0.0771617001644322,False,"trade_count,non_positive_excess",False,0.7001388888888889,DANGER,0-20%
high_beta,ma=30/250|atr=14/60|buy=1.00|sell=1.15|vol_on|tv=0.20,30,250,14,60,1.0,1.15,True,0.2,0,3,-0.06592933055917623,-0.2714570615139065,1.3333333333333333,1.307956506991354,0.0,-0.0771617001644322,False,"trade_count,non_positive_excess",False,0.7001388888888889,DANGER,0-20%
high_beta,ma=30/250|atr=20/20|buy=1.00|sell=1.10|vol_on|tv=0.18,30,250,20,20,1.0,1.1,True,0.18,0,3,-0.06592933055917623,-0.2714570615139065,1.3333333333333333,1.307956506991354,0.0,-0.0771617001644322,False,"trade_count,non_positive_excess",False,0.7001388888888889,DANGER,0-20%
high_beta,ma=30/250|atr=20/20|buy=1.00|sell=1.10|vol_on|tv=0.20,30,250,20,20,1.0,1.1,True,0.2,0,3,-0.06592933055917623,-0.2714570615139065,1.3333333333333333,1.307956506991354,0.0,-0.0771617001644322,False,"trade_count,non_positive_excess",False,0.7001388888888889,DANGER,0-20%
high_beta,ma=5/250|atr=20/40|buy=1.00|sell=1.10|vol_on|tv=0.20,5,250,20,40,1.0,1.1,True,0.2,0,3,-0.0555724232159549,-0.30224898265745276,3.3333333333333335,2.7543693263691424,0.0,-0.04707136923487364,False,non_positive_excess,False,0.6990277777777778,DANGER,0-20%
high_beta,ma=5/250|atr=20/40|buy=1.00|sell=1.15|vol_on|tv=0.20,5,250,20,40,1.0,1.15,True,0.2,0,3,-0.0555724232159549,-0.30224898265745276,3.3333333333333335,2.7543693263691424,0.0,-0.04707136923487364,False,non_positive_excess,False,0.6990277777777778,DANGER,0-20%
high_beta,ma=5/120|atr=14/20|buy=1.05|sell=1.10|vol_on|tv=0.20,5,120,14,20,1.05,1.1,True,0.2,0,3,-0.024057669980510326,-0.31119405226281727,9.666666666666666,7.2803535379186926,0.0,-0.07455451466365935,False,non_positive_excess,False,0.6986805555555555,DANGER,0-20%
high_beta,ma=5/120|atr=14/20|buy=1.00|sell=1.05|vol_on|tv=0.18,5,120,14,20,1.0,1.05,True,0.18,0,3,-0.027890754615608488,-0.29213353273521186,9.666666666666666,7.081133604655807,0.0,-0.08866424675233893,False,non_positive_excess,False,0.6974305555555553,DANGER,0-20%
high_beta,ma=5/120|atr=14/20|buy=1.00|sell=1.10|vol_on|tv=0.18,5,120,14,20,1.0,1.1,True,0.18,0,3,-0.027890754615608488,-0.29213353273521186,9.666666666666666,7.081133604655807,0.0,-0.08866424675233893,False,non_positive_excess,False,0.6974305555555553,DANGER,0-20%
high_beta,ma=20/120|atr=20/20|buy=1.05|sell=1.05|vol_on|tv=0.18,20,120,20,20,1.05,1.05,True,0.18,0,3,-0.02217001771050442,-0.29432346787379404,8.333333333333334,6.830079605244286,0.0,-0.08937842789829809,False,non_positive_excess,False,0.6959722222222222,DANGER,0-20%
high_beta,ma=5/120|atr=14/40|buy=1.00|sell=1.10|vol_on|tv=0.20,5,120,14,40,1.0,1.1,True,0.2,0,3,-0.02541369946630449,-0.3112782457553441,10.333333333333334,7.260366732774332,0.0,-0.07955666813811053,False,non_positive_excess,False,0.6932638888888889,DANGER,0-20%
high_beta,ma=20/120|atr=14/20|buy=1.00|sell=1.15|vol_on|tv=0.20,20,120,14,20,1.0,1.15,True,0.2,0,3,-0.02389576668707079,-0.33565021796596967,6.333333333333333,4.752911315068659,0.0,-0.08297464011567109,False,non_positive_excess,False,0.6912499999999999,DANGER,0-20%
high_beta,ma=20/120|atr=20/40|buy=1.00|sell=1.05|vol_on|tv=0.20,20,120,20,40,1.0,1.05,True,0.2,0,3,-0.02143128943440457,-0.30108999754088756,9.0,8.336719108653194,0.0,-0.07884300006567725,False,"non_positive_excess,turnover_cap",False,0.6859027777777778,DANGER,0-20%
high_beta,ma=20/120|atr=20/40|buy=1.00|sell=1.10|vol_on|tv=0.20,20,120,20,40,1.0,1.1,True,0.2,0,3,-0.02143128943440457,-0.30108999754088756,9.0,8.336719108653194,0.0,-0.07884300006567725,False,"non_positive_excess,turnover_cap",False,0.6859027777777778,DANGER,0-20%
high_beta,ma=20/120|atr=14/40|buy=1.00|sell=1.05|vol_on|tv=0.18,20,120,14,40,1.0,1.05,True,0.18,0,3,-0.02446138479734176,-0.2908817165958324,8.666666666666666,7.362737502987613,0.0,-0.09276652475556592,False,non_positive_excess,False,0.6823611111111112,DANGER,0-20%
high_beta,ma=20/120|atr=14/40|buy=1.00|sell=1.10|vol_on|tv=0.18,20,120,14,40,1.0,1.1,True,0.18,0,3,-0.02446138479734176,-0.2908817165958324,8.666666666666666,7.362737502987613,0.0,-0.09276652475556592,False,non_positive_excess,False,0.6823611111111112,DANGER,0-20%
high_beta,ma=5/250|atr=20/40|buy=1.00|sell=1.05|vol_on|tv=0.18,5,250,20,40,1.0,1.05,True,0.18,0,3,-0.0654861864441209,-0.23474479266035594,4.333333333333333,3.002156280734511,0.0,-0.09895531055965323,False,non_positive_excess,False,0.6811805555555555,DANGER,0-20%
high_beta,ma=5/120|atr=14/40|buy=1.05|sell=1.10|vol_on|tv=0.20,5,120,14,40,1.05,1.1,True,0.2,0,3,-0.02748284596346373,-0.31982674986066423,10.333333333333334,7.257945792419395,0.0,-0.08201056340001445,False,non_positive_excess,False,0.6803472222222222,DANGER,0-20%
high_beta,ma=5/120|atr=14/20|buy=1.05|sell=1.10|vol_on|tv=0.18,5,120,14,20,1.05,1.1,True,0.18,0,3,-0.029219350466043403,-0.2975896251178325,9.666666666666666,7.03738412596573,0.0,-0.09545310812781328,False,non_positive_excess,False,0.6799305555555555,DANGER,0-20%
high_beta,ma=5/250|atr=20/40|buy=1.00|sell=1.05|vol_on|tv=0.20,5,250,20,40,1.0,1.05,True,0.2,0,3,-0.0657152944398477,-0.23793073213253868,3.6666666666666665,3.0635104251270597,0.0,-0.09784837483894927,False,non_positive_excess,False,0.6764583333333334,DANGER,0-20%
high_beta,ma=5/120|atr=14/40|buy=1.00|sell=1.10|vol_on|tv=0.18,5,120,14,40,1.0,1.1,True,0.18,0,3,-0.02980101028759896,-0.2997775519753613,10.333333333333334,7.119945759481905,0.0,-0.09588769521915301,False,non_positive_excess,False,0.6763194444444445,DANGER,0-20%
high_beta,ma=30/250|atr=20/60|buy=1.05|sell=1.15|vol_on|tv=0.18,30,250,20,60,1.05,1.15,True,0.18,0,3,-0.033863934449930154,-0.4009672345991934,2.0,1.8062063347136963,0.0,-0.08717201268116687,False,"trade_count,non_positive_excess,max_drawdown_cap",False,0.6728472222222222,DANGER,0-20%
high_beta,ma=20/120|atr=14/20|buy=1.00|sell=1.05|vol_on|tv=0.20,20,120,14,20,1.0,1.05,True,0.2,0,3,-0.02600077786047561,-0.31201870584430574,7.333333333333333,6.602234468329253,0.0,-0.09234053155189177,False,non_positive_excess,False,0.6699999999999999,DANGER,0-20%
high_beta,ma=30/250|atr=20/60|buy=1.05|sell=1.15|vol_on|tv=0.20,30,250,20,60,1.05,1.15,True,0.2,0,3,-0.03435098572616672,-0.4024832631125151,2.0,1.7997360375913318,0.0,-0.08819432429896701,False,"trade_count,non_positive_excess,max_drawdown_cap",False,0.65875,DANGER,0-20%
high_beta,ma=5/120|atr=14/40|buy=1.05|sell=1.10|vol_on|tv=0.18,5,120,14,40,1.05,1.1,True,0.18,0,3,-0.0317374819054835,-0.3081188459970315,10.666666666666666,7.116957348550774,0.0,-0.09762352933557265,False,non_positive_excess,False,0.658611111111111,DANGER,0-20%
high_beta,ma=5/120|atr=14/20|buy=1.05|sell=1.05|vol_on|tv=0.20,5,120,14,20,1.05,1.05,True,0.2,0,3,-0.02726468490285172,-0.32364476476831744,10.333333333333334,7.959879832327821,0.0,-0.08737757078166658,False,non_positive_excess,False,0.6546527777777778,DANGER,0-20%
high_beta,ma=20/120|atr=20/40|buy=1.00|sell=1.05|vol_on|tv=0.18,20,120,20,40,1.0,1.05,True,0.18,0,3,-0.026712301750454914,-0.28855122108838,9.333333333333334,8.075182155982494,0.0,-0.10158468746721742,False,"non_positive_excess,turnover_cap",False,0.6494444444444445,DANGER,0-20%
high_beta,ma=20/120|atr=20/40|buy=1.00|sell=1.10|vol_on|tv=0.18,20,120,20,40,1.0,1.1,True,0.18,0,3,-0.026712301750454914,-0.28855122108838,9.333333333333334,8.075182155982494,0.0,-0.10158468746721742,False,"non_positive_excess,turnover_cap",False,0.6494444444444445,DANGER,0-20%
high_beta,ma=20/120|atr=14/40|buy=1.00|sell=1.15|vol_on|tv=0.20,20,120,14,40,1.0,1.15,True,0.2,0,3,-0.02983544647368201,-0.34457074805016624,8.0,6.843295648202869,0.0,-0.0934069738379953,False,non_positive_excess,False,0.6370833333333332,DANGER,0-20%
high_beta,ma=20/120|atr=14/40|buy=1.05|sell=1.05|vol_on|tv=0.20,20,120,14,40,1.05,1.05,True,0.2,0,3,-0.030806353617952215,-0.3597961889398338,9.0,7.6954259023674645,0.0,-0.08720984262494551,False,non_positive_excess,False,0.6313194444444445,DANGER,0-20%
high_beta,ma=20/120|atr=14/40|buy=1.05|sell=1.10|vol_on|tv=0.20,20,120,14,40,1.05,1.1,True,0.2,0,3,-0.030806353617952215,-0.3597961889398338,9.0,7.6954259023674645,0.0,-0.08720984262494551,False,non_positive_excess,False,0.6313194444444445,DANGER,0-20%
high_beta,ma=5/120|atr=14/20|buy=1.00|sell=1.15|vol_on|tv=0.20,5,120,14,20,1.0,1.15,True,0.2,0,3,-0.04056850358448094,-0.36109885956101806,9.333333333333334,6.612668531544965,0.0,-0.08810847806757623,False,non_positive_excess,False,0.6288888888888888,DANGER,0-20%
high_beta,ma=5/120|atr=14/40|buy=1.00|sell=1.05|vol_on|tv=0.20,5,120,14,40,1.0,1.05,True,0.2,0,3,-0.02972355363006507,-0.3237289582608442,11.333333333333334,8.498964913344578,0.0,-0.0964640936735726,False,"non_positive_excess,turnover_cap",False,0.6250694444444445,DANGER,0-20%
high_beta,ma=5/120|atr=20/20|buy=1.00|sell=1.05|vol_on|tv=0.20,5,120,20,20,1.0,1.05,True,0.2,0,3,-0.029753758338602127,-0.3236447647683174,11.0,8.494496001223672,0.0,-0.09664167340310792,False,"non_positive_excess,turnover_cap",False,0.6243055555555554,DANGER,0-20%
high_beta,ma=5/120|atr=20/20|buy=1.00|sell=1.10|vol_on|tv=0.20,5,120,20,20,1.0,1.1,True,0.2,0,3,-0.029753758338602127,-0.3236447647683174,11.0,8.494496001223672,0.0,-0.09664167340310792,False,"non_positive_excess,turnover_cap",False,0.6243055555555554,DANGER,0-20%
high_beta,ma=5/120|atr=20/20|buy=1.05|sell=1.05|vol_on|tv=0.20,5,120,20,20,1.05,1.05,True,0.2,0,3,-0.029753758338602127,-0.3236447647683174,11.0,8.494496001223672,0.0,-0.09664167340310792,False,"non_positive_excess,turnover_cap",False,0.6243055555555554,DANGER,0-20%
high_beta,ma=5/120|atr=20/20|buy=1.05|sell=1.10|vol_on|tv=0.20,5,120,20,20,1.05,1.1,True,0.2,0,3,-0.029753758338602127,-0.3236447647683174,11.0,8.494496001223672,0.0,-0.09664167340310792,False,"non_positive_excess,turnover_cap",False,0.6243055555555554,DANGER,0-20%
high_beta,ma=20/120|atr=14/20|buy=1.00|sell=1.15|vol_on|tv=0.18,20,120,14,20,1.0,1.15,True,0.18,0,3,-0.02987844536241287,-0.32181490495217235,6.666666666666667,4.706134797312807,0.0,-0.11089385173623008,False,non_positive_excess,False,0.6227083333333334,DANGER,0-20%
high_beta,ma=30/250|atr=20/20|buy=1.05|sell=1.15|vol_on|tv=0.18,30,250,20,20,1.05,1.15,True,0.18,0,3,-0.040607601687759155,-0.3922608035658232,1.0,0.9997000899730081,0.0,-0.10430176511323226,False,"trade_count,non_positive_excess",False,0.6225,DANGER,0-20%
high_beta,ma=30/250|atr=20/20|buy=1.05|sell=1.15|vol_on|tv=0.20,30,250,20,20,1.05,1.15,True,0.2,0,3,-0.040607601687759155,-0.3922608035658232,1.0,0.9997000899730081,0.0,-0.10430176511323226,False,"trade_count,non_positive_excess",False,0.6225,DANGER,0-20%
high_beta,ma=20/120|atr=14/20|buy=1.00|sell=1.05|vol_on|tv=0.18,20,120,14,20,1.0,1.05,True,0.18,0,3,-0.03145664707938652,-0.2977201961146174,7.666666666666667,6.342285808154531,0.0,-0.11685056517242935,False,non_positive_excess,False,0.6202777777777777,DANGER,0-20%
high_beta,ma=30/250|atr=20/60|buy=1.05|sell=1.10|vol_on|tv=0.18,30,250,20,60,1.05,1.1,True,0.18,0,3,-0.03918843381213392,-0.4009672345991934,2.6666666666666665,2.4520019762576086,0.0,-0.09946614907739344,False,"trade_count,non_positive_excess,max_drawdown_cap",False,0.6165972222222222,DANGER,0-20%
high_beta,ma=20/120|atr=14/20|buy=1.00|sell=1.10|vol_on|tv=0.20,20,120,14,20,1.0,1.1,True,0.2,0,3,-0.03240671649617033,-0.3405576916978978,6.666666666666667,5.184716107671899,0.0,-0.1075416672109782,False,non_positive_excess,False,0.6104861111111111,DANGER,0-20%
high_beta,ma=5/120|atr=14/40|buy=1.05|sell=1.05|vol_on|tv=0.20,5,120,14,40,1.05,1.05,True,0.2,0,3,-0.031792700127224315,-0.33227746236616434,11.333333333333334,8.49654397298964,0.0,-0.09891798893547653,False,"non_positive_excess,turnover_cap",False,0.6103472222222222,DANGER,0-20%
high_beta,ma=30/250|atr=20/60|buy=1.05|sell=1.10|vol_on|tv=0.20,30,250,20,60,1.05,1.1,True,0.2,0,3,-0.03966832757041024,-0.40248326311251503,2.6666666666666665,2.4460805917794346,0.0,-0.10034434177391943,False,"trade_count,non_positive_excess,max_drawdown_cap",False,0.6097222222222223,DANGER,0-20%
high_beta,ma=20/120|atr=14/40|buy=1.05|sell=1.05|vol_on|tv=0.18,20,120,14,40,1.05,1.05,True,0.18,0,3,-0.034265594097272256,-0.3445943707906804,9.333333333333334,7.443705284032899,0.0,-0.10043154751134775,False,non_positive_excess,False,0.605,DANGER,0-20%
high_beta,ma=20/120|atr=14/40|buy=1.05|sell=1.10|vol_on|tv=0.18,20,120,14,40,1.05,1.1,True,0.18,0,3,-0.034265594097272256,-0.3445943707906804,9.333333333333334,7.443705284032899,0.0,-0.10043154751134775,False,non_positive_excess,False,0.605,DANGER,0-20%
high_beta,ma=5/120|atr=14/20|buy=1.05|sell=1.05|vol_on|tv=0.18,5,120,14,20,1.05,1.05,True,0.18,0,3,-0.032419847272785164,-0.3103245901537663,10.333333333333334,7.714569306290097,0.0,-0.108822610396909,False,non_positive_excess,False,0.6049305555555555,DANGER,0-20%
high_beta,ma=5/120|atr=14/20|buy=1.05|sell=1.15|vol_on|tv=0.20,5,120,14,20,1.05,1.15,True,0.2,0,3,-0.04189980524650109,-0.36643316848670215,9.333333333333334,6.566868483073104,0.0,-0.09452598342478961,False,non_positive_excess,False,0.6019444444444444,DANGER,0-20%
high_beta,ma=5/120|atr=20/60|buy=1.00|sell=1.15|vol_on|tv=0.20,5,120,20,60,1.0,1.15,True,0.2,0,3,-0.03282217471706902,-0.4704163677282908,8.333333333333334,5.7634238460419525,0.0,-0.061722381445817966,False,"non_positive_excess,max_drawdown_cap",False,0.5942361111111112,DANGER,0-20%
high_beta,ma=5/120|atr=14/40|buy=1.00|sell=1.05|vol_on|tv=0.18,5,120,14,40,1.0,1.05,True,0.18,0,3,-0.03409465359260092,-0.312512517011295,11.333333333333334,8.290609859771607,0.0,-0.1135805661753355,False,"non_positive_excess,turnover_cap",False,0.588125,DANGER,0-20%
high_beta,ma=20/120|atr=14/60|buy=1.00|sell=1.05|vol_on|tv=0.20,20,120,14,60,1.0,1.05,True,0.2,0,3,-0.03520480977969894,-0.38002015910802406,9.0,7.844987580574672,0.0,-0.09080598520452705,False,non_positive_excess,False,0.5871527777777779,DANGER,0-20%
high_beta,ma=20/120|atr=14/60|buy=1.00|sell=1.10|vol_on|tv=0.20,20,120,14,60,1.0,1.1,True,0.2,0,3,-0.03520480977969894,-0.38002015910802406,9.0,7.844987580574672,0.0,-0.09080598520452705,False,non_positive_excess,False,0.5871527777777779,DANGER,0-20%
high_beta,ma=5/120|atr=20/60|buy=1.00|sell=1.15|vol_on|tv=0.18,5,120,20,60,1.0,1.15,True,0.18,0,3,-0.034525168991168455,-0.4651059130811113,8.666666666666666,5.771854318867095,0.0,-0.06725156554241403,False,"non_positive_excess,max_drawdown_cap",False,0.5835416666666666,DANGER,0-20%
high_beta,ma=5/120|atr=14/20|buy=1.00|sell=1.15|vol_on|tv=0.18,5,120,14,20,1.0,1.15,True,0.18,0,3,-0.04363928177173726,-0.3421349870038482,9.333333333333334,6.439154414679277,0.0,-0.10443698873461309,False,non_positive_excess,False,0.5826388888888889,DANGER,0-20%
high_beta,ma=5/120|atr=20/20|buy=1.00|sell=1.05|vol_on|tv=0.18,5,120,20,20,1.0,1.05,True,0.18,0,3,-0.0348488457315943,-0.3103245901537662,11.0,8.180739244298353,0.0,-0.11870917773147845,False,"non_positive_excess,turnover_cap",False,0.5744444444444443,DANGER,0-20%
high_beta,ma=5/120|atr=20/20|buy=1.00|sell=1.10|vol_on|tv=0.18,5,120,20,20,1.0,1.1,True,0.18,0,3,-0.0348488457315943,-0.3103245901537662,11.0,8.180739244298353,0.0,-0.11870917773147845,False,"non_positive_excess,turnover_cap",False,0.5744444444444443,DANGER,0-20%
high_beta,ma=5/120|atr=20/20|buy=1.05|sell=1.05|vol_on|tv=0.18,5,120,20,20,1.05,1.05,True,0.18,0,3,-0.0348488457315943,-0.3103245901537662,11.0,8.180739244298353,0.0,-0.11870917773147845,False,"non_positive_excess,turnover_cap",False,0.5744444444444443,DANGER,0-20%
high_beta,ma=5/120|atr=20/20|buy=1.05|sell=1.10|vol_on|tv=0.18,5,120,20,20,1.05,1.1,True,0.18,0,3,-0.0348488457315943,-0.3103245901537662,11.0,8.180739244298353,0.0,-0.11870917773147845,False,"non_positive_excess,turnover_cap",False,0.5744444444444443,DANGER,0-20%
high_beta,ma=20/120|atr=14/60|buy=1.05|sell=1.05|vol_on|tv=0.20,20,120,14,60,1.05,1.05,True,0.2,0,3,-0.03757842030857302,-0.3871843371352699,9.333333333333334,7.838930671517453,0.0,-0.09352823513784225,False,non_positive_excess,False,0.57375,DANGER,0-20%
high_beta,ma=20/120|atr=14/60|buy=1.05|sell=1.10|vol_on|tv=0.20,20,120,14,60,1.05,1.1,True,0.2,0,3,-0.03757842030857302,-0.3871843371352699,9.333333333333334,7.838930671517453,0.0,-0.09352823513784225,False,non_positive_excess,False,0.57375,DANGER,0-20%
high_beta,ma=20/120|atr=14/20|buy=1.05|sell=1.15|vol_on|tv=0.20,20,120,14,20,1.05,1.15,True,0.2,0,3,-0.039807787837008744,-0.39229564102261594,6.666666666666667,4.770447679485591,0.0,-0.10249630142115873,False,non_positive_excess,False,0.5735416666666666,DANGER,0-20%
high_beta,ma=5/120|atr=14/40|buy=1.05|sell=1.05|vol_on|tv=0.18,5,120,14,40,1.05,1.05,True,0.18,0,3,-0.03603112521048546,-0.32085381103296523,11.666666666666666,8.287621448840476,0.0,-0.11531640029175515,False,"non_positive_excess,turnover_cap",False,0.569375,DANGER,0-20%
high_beta,ma=20/120|atr=14/40|buy=1.00|sell=1.15|vol_on|tv=0.18,20,120,14,40,1.0,1.15,True,0.18,0,3,-0.035122377135729264,-0.3373806758635127,8.333333333333334,6.655487111519288,0.0,-0.1159107002896645,False,non_positive_excess,False,0.5693055555555555,DANGER,0-20%
high_beta,ma=20/120|atr=20/60|buy=1.05|sell=1.05|vol_on|tv=0.20,20,120,20,60,1.05,1.05,True,0.2,0,3,-0.037382636439689865,-0.3864088468717944,10.0,8.588562109392585,0.0,-0.09324987797159086,False,"non_positive_excess,turnover_cap",False,0.5680555555555555,DANGER,0-20%
high_beta,ma=5/120|atr=14/20|buy=1.05|sell=1.15|vol_on|tv=0.18,5,120,14,20,1.05,1.15,True,0.18,0,3,-0.04496787762217217,-0.34759107938646877,9.333333333333334,6.395404935989201,0.0,-0.11122585011008741,False,non_positive_excess,False,0.556111111111111,DANGER,0-20%
high_beta,ma=30/250|atr=14/40|buy=1.00|sell=1.15|vol_on|tv=0.18,30,250,14,40,1.0,1.15,True,0.18,0,3,-0.08550457887064318,-0.05221755296686544,0.6666666666666666,0.6627386911484922,0.0,-0.2133377274555844,False,"trade_count,non_positive_excess",False,0.5559722222222221,DANGER,0-20%
high_beta,ma=30/250|atr=14/40|buy=1.00|sell=1.15|vol_on|tv=0.20,30,250,14,40,1.0,1.15,True,0.2,0,3,-0.08550457887064318,-0.05221755296686544,0.6666666666666666,0.6627386911484922,0.0,-0.2133377274555844,False,"trade_count,non_positive_excess",False,0.5559722222222221,DANGER,0-20%
high_beta,ma=20/120|atr=14/60|buy=1.00|sell=1.05|vol_on|tv=0.18,20,120,14,60,1.0,1.05,True,0.18,0,3,-0.0404331344258381,-0.37410042737167304,9.333333333333334,7.626654256706819,0.0,-0.10406760599897406,False,non_positive_excess,False,0.5552777777777778,DANGER,0-20%
high_beta,ma=20/120|atr=14/60|buy=1.00|sell=1.10|vol_on|tv=0.18,20,120,14,60,1.0,1.1,True,0.18,0,3,-0.0404331344258381,-0.37410042737167304,9.333333333333334,7.626654256706819,0.0,-0.10406760599897406,False,non_positive_excess,False,0.5552777777777778,DANGER,0-20%
high_beta,ma=5/120|atr=20/60|buy=1.05|sell=1.15|vol_on|tv=0.20,5,120,20,60,1.05,1.15,True,0.2,0,3,-0.041404343609300565,-0.4704163677282908,9.0,5.690896162188882,0.0,-0.08135392587903162,False,"non_positive_excess,max_drawdown_cap",False,0.5529166666666667,DANGER,0-20%
high_beta,ma=20/120|atr=14/20|buy=1.00|sell=1.10|vol_on|tv=0.18,20,120,14,20,1.0,1.1,True,0.18,0,3,-0.038308684874610956,-0.33250294372243044,7.0,5.0598490910506655,0.0,-0.13302625260473322,False,non_positive_excess,False,0.5527083333333334,DANGER,0-20%
high_beta,ma=5/120|atr=14/60|buy=1.05|sell=1.05|vol_on|tv=0.20,5,120,14,60,1.05,1.05,True,0.2,0,3,-0.04102832339075765,-0.3687478603799617,11.333333333333334,8.013685270190647,0.0,-0.1075062269790274,False,"non_positive_excess,turnover_cap",False,0.5465972222222222,DANGER,0-20%
high_beta,ma=5/120|atr=14/60|buy=1.00|sell=1.05|vol_on|tv=0.20,5,120,14,60,1.0,1.05,True,0.2,0,3,-0.0413320273138987,-0.3699230630655885,10.666666666666666,7.956686017639405,0.0,-0.10738834019380135,False,non_positive_excess,False,0.5451388888888888,DANGER,0-20%
high_beta,ma=30/250|atr=14/40|buy=1.00|sell=1.05|vol_on|tv=0.18,30,250,14,40,1.0,1.05,True,0.18,0,3,-0.08917200883297449,-0.05671701439345903,1.3333333333333333,1.2830661089790756,0.0,-0.2179672338108621,False,"trade_count,non_positive_excess",False,0.5449999999999999,DANGER,0-20%
high_beta,ma=30/250|atr=14/40|buy=1.00|sell=1.05|vol_on|tv=0.20,30,250,14,40,1.0,1.05,True,0.2,0,3,-0.08917200883297449,-0.05671701439345903,1.3333333333333333,1.2830661089790756,0.0,-0.2179672338108621,False,"trade_count,non_positive_excess",False,0.5449999999999999,DANGER,0-20%
high_beta,ma=30/250|atr=14/40|buy=1.00|sell=1.10|vol_on|tv=0.18,30,250,14,40,1.0,1.1,True,0.18,0,3,-0.08917200883297449,-0.05671701439345903,1.3333333333333333,1.2830661089790756,0.0,-0.2179672338108621,False,"trade_count,non_positive_excess",False,0.5449999999999999,DANGER,0-20%
high_beta,ma=30/250|atr=14/40|buy=1.00|sell=1.10|vol_on|tv=0.20,30,250,14,40,1.0,1.1,True,0.2,0,3,-0.08917200883297449,-0.05671701439345903,1.3333333333333333,1.2830661089790756,0.0,-0.2179672338108621,False,"trade_count,non_positive_excess",False,0.5449999999999999,DANGER,0-20%
high_beta,ma=5/120|atr=20/40|buy=1.05|sell=1.15|vol_on|tv=0.20,5,120,20,40,1.05,1.15,True,0.2,0,3,-0.04168944164178175,-0.4036716144376907,9.666666666666666,5.185204303392382,0.0,-0.10679209689972334,False,"non_positive_excess,max_drawdown_cap",False,0.5439583333333333,DANGER,0-20%
high_beta,ma=20/120|atr=20/40|buy=1.05|sell=1.15|vol_on|tv=0.20,20,120,20,40,1.05,1.15,True,0.2,0,3,-0.04236603061522426,-0.4713765679232709,8.0,5.454477687382219,0.0,-0.08229032792781103,False,"non_positive_excess,max_drawdown_cap",False,0.5404166666666668,DANGER,0-20%
high_beta,ma=20/120|atr=14/20|buy=1.05|sell=1.05|vol_on|tv=0.20,20,120,14,20,1.05,1.05,True,0.2,0,3,-0.04191279901041356,-0.36866412890095207,7.666666666666667,6.619770832746184,0.0,-0.11186219285737942,False,non_positive_excess,False,0.5398611111111111,DANGER,0-20%
high_beta,ma=5/120|atr=20/40|buy=1.00|sell=1.15|vol_on|tv=0.20,5,120,20,40,1.0,1.15,True,0.2,0,3,-0.04187542656940968,-0.4036716130793662,9.333333333333334,5.177400575557157,0.0,-0.10757734798533904,False,"non_positive_excess,max_drawdown_cap",False,0.5394444444444444,DANGER,0-20%
high_beta,ma=20/120|atr=20/40|buy=1.05|sell=1.05|vol_on|tv=0.20,20,120,20,40,1.05,1.05,True,0.2,0,3,-0.039842423552036266,-0.38526058543499136,10.0,8.55927472669231,0.0,-0.10206628634607358,False,"non_positive_excess,turnover_cap",False,0.538888888888889,DANGER,0-20%
high_beta,ma=20/120|atr=20/40|buy=1.05|sell=1.10|vol_on|tv=0.20,20,120,20,40,1.05,1.1,True,0.2,0,3,-0.039842423552036266,-0.38526058543499136,10.0,8.55927472669231,0.0,-0.10206628634607358,False,"non_positive_excess,turnover_cap",False,0.538888888888889,DANGER,0-20%
high_beta,ma=20/120|atr=20/60|buy=1.00|sell=1.05|vol_on|tv=0.20,20,120,20,60,1.0,1.05,True,0.2,0,3,-0.039842423552036266,-0.38526058543499136,10.0,8.55927472669231,0.0,-0.10206628634607358,False,"non_positive_excess,turnover_cap",False,0.538888888888889,DANGER,0-20%
high_beta,ma=5/120|atr=20/60|buy=1.05|sell=1.15|vol_on|tv=0.18,5,120,20,60,1.05,1.15,True,0.18,0,3,-0.04366200803963135,-0.4651059130811113,9.333333333333334,5.695555586318272,0.0,-0.08815160851965755,False,"non_positive_excess,max_drawdown_cap",False,0.5346527777777776,DANGER,0-20%
high_beta,ma=5/120|atr=20/40|buy=1.05|sell=1.05|vol_on|tv=0.20,5,120,20,40,1.05,1.05,True,0.2,0,3,-0.037674641280029585,-0.3794184689906488,11.666666666666666,7.957731557571971,0.0,-0.11357491045488104,False,non_positive_excess,False,0.534513888888889,DANGER,0-20%
high_beta,ma=10/250|atr=14/20|buy=1.00|sell=1.15|vol_on|tv=0.20,10,250,14,20,1.0,1.15,True,0.2,0,3,-0.04993523111689061,-0.2449794853449344,4.0,1.948243834211101,0.0,-0.4052244222074446,False,non_positive_excess,False,0.5323611111111111,DANGER,0-20%
high_beta,ma=20/120|atr=14/60|buy=1.05|sell=1.05|vol_on|tv=0.18,20,120,14,60,1.05,1.05,True,0.18,0,3,-0.04254904385637892,-0.38055266922362235,9.666666666666666,7.620830588723063,0.0,-0.10625833665119977,False,non_positive_excess,False,0.5322916666666666,DANGER,0-20%
high_beta,ma=20/120|atr=14/60|buy=1.05|sell=1.10|vol_on|tv=0.18,20,120,14,60,1.05,1.1,True,0.18,0,3,-0.04254904385637892,-0.38055266922362235,9.666666666666666,7.620830588723063,0.0,-0.10625833665119977,False,non_positive_excess,False,0.5322916666666666,DANGER,0-20%
high_beta,ma=5/120|atr=20/40|buy=1.00|sell=1.05|vol_on|tv=0.20,5,120,20,40,1.0,1.05,True,0.2,0,3,-0.03785962031739465,-0.3794184676323244,11.333333333333334,7.947414464325905,0.0,-0.11435591469275114,False,non_positive_excess,False,0.5318749999999999,DANGER,0-20%
high_beta,ma=20/120|atr=14/20|buy=1.05|sell=1.15|vol_on|tv=0.18,20,120,14,20,1.05,1.15,True,0.18,0,3,-0.04327573786112334,-0.3828188696764551,7.333333333333333,4.747218996452566,0.0,-0.11719124802825724,False,non_positive_excess,False,0.5311111111111111,DANGER,0-20%
high_beta,ma=30/250|atr=14/60|buy=1.00|sell=1.05|vol_on|tv=0.18,30,250,14,60,1.0,1.05,True,0.18,0,3,-0.08403168392759049,-0.18758556039237895,1.6666666666666667,1.6162994723034114,0.0,-0.250115776786028,False,"trade_count,non_positive_excess",False,0.5286111111111111,DANGER,0-20%
high_beta,ma=30/250|atr=14/60|buy=1.00|sell=1.05|vol_on|tv=0.20,30,250,14,60,1.0,1.05,True,0.2,0,3,-0.08403168392759049,-0.18758556039237895,1.6666666666666667,1.6162994723034114,0.0,-0.250115776786028,False,"trade_count,non_positive_excess",False,0.5286111111111111,DANGER,0-20%
high_beta,ma=30/250|atr=14/60|buy=1.00|sell=1.10|vol_on|tv=0.18,30,250,14,60,1.0,1.1,True,0.18,0,3,-0.08403168392759049,-0.18758556039237895,1.6666666666666667,1.6162994723034114,0.0,-0.250115776786028,False,"trade_count,non_positive_excess",False,0.5286111111111111,DANGER,0-20%
high_beta,ma=30/250|atr=14/60|buy=1.00|sell=1.10|vol_on|tv=0.20,30,250,14,60,1.0,1.1,True,0.2,0,3,-0.08403168392759049,-0.18758556039237895,1.6666666666666667,1.6162994723034114,0.0,-0.250115776786028,False,"trade_count,non_positive_excess",False,0.5286111111111111,DANGER,0-20%
high_beta,ma=30/250|atr=20/20|buy=1.00|sell=1.05|vol_on|tv=0.18,30,250,20,20,1.0,1.05,True,0.18,0,3,-0.08403168392759049,-0.18758556039237895,1.6666666666666667,1.6162994723034114,0.0,-0.250115776786028,False,"trade_count,non_positive_excess",False,0.5286111111111111,DANGER,0-20%
high_beta,ma=30/250|atr=20/20|buy=1.00|sell=1.05|vol_on|tv=0.20,30,250,20,20,1.0,1.05,True,0.2,0,3,-0.08403168392759049,-0.18758556039237895,1.6666666666666667,1.6162994723034114,0.0,-0.250115776786028,False,"trade_count,non_positive_excess",False,0.5286111111111111,DANGER,0-20%
high_beta,ma=20/120|atr=20/20|buy=1.05|sell=1.10|vol_on|tv=0.20,20,120,20,20,1.05,1.1,True,0.2,0,3,-0.04781552523682964,-0.413607874887725,6.666666666666667,5.693611015649154,0.0,-0.09536981913790338,False,"non_positive_excess,max_drawdown_cap",False,0.5275694444444443,DANGER,0-20%
high_beta,ma=10/250|atr=20/20|buy=1.00|sell=1.15|vol_on|tv=0.20,10,250,20,20,1.0,1.15,True,0.2,0,3,-0.042306478292591564,-0.3050305155218247,2.6666666666666665,1.6533024430851488,0.0,-0.3639521215103376,False,"trade_count,non_positive_excess",False,0.5270833333333333,DANGER,0-20%
high_beta,ma=20/120|atr=20/60|buy=1.05|sell=1.05|vol_on|tv=0.18,20,120,20,60,1.05,1.05,True,0.18,0,3,-0.04235439164866336,-0.3797793691506007,10.333333333333334,8.360760837786907,0.0,-0.10603301955250795,False,"non_positive_excess,turnover_cap",False,0.5265972222222222,DANGER,0-20%
high_beta,ma=10/250|atr=20/20|buy=1.05|sell=1.15|vol_on|tv=0.20,10,250,20,20,1.05,1.15,True,0.2,0,3,-0.04046735068607599,-0.3148535381292344,3.0,1.6916463246702913,0.0,-0.35740006445004363,False,non_positive_excess,False,0.5247222222222223,DANGER,0-20%
high_beta,ma=20/120|atr=14/60|buy=1.00|sell=1.15|vol_on|tv=0.20,20,120,14,60,1.0,1.15,True,0.2,0,3,-0.04161074841539366,-0.4085591449616161,8.333333333333334,6.427469219917318,0.0,-0.10600712086361348,False,"non_positive_excess,max_drawdown_cap",False,0.5216666666666667,DANGER,0-20%
high_beta,ma=5/120|atr=14/60|buy=1.05|sell=1.05|vol_on|tv=0.18,5,120,14,60,1.05,1.05,True,0.18,0,3,-0.04292646728631825,-0.3519636174468273,11.666666666666666,7.85682691541609,0.0,-0.12180054454551381,False,non_positive_excess,False,0.5213194444444444,DANGER,0-20%
high_beta,ma=5/120|atr=14/60|buy=1.00|sell=1.05|vol_on|tv=0.18,5,120,14,60,1.0,1.05,True,0.18,0,3,-0.04312448472888023,-0.3528495414547617,11.0,7.814902827833808,0.0,-0.12156527833475905,False,non_positive_excess,False,0.5204166666666667,DANGER,0-20%
high_beta,ma=5/120|atr=20/40|buy=1.05|sell=1.15|vol_on|tv=0.18,5,120,20,40,1.05,1.15,True,0.18,0,3,-0.04387694227921498,-0.3920281226260296,10.0,5.163082799488426,0.0,-0.12075543095150103,False,non_positive_excess,False,0.514861111111111,DANGER,0-20%
high_beta,ma=20/120|atr=14/20|buy=1.05|sell=1.05|vol_on|tv=0.18,20,120,14,20,1.05,1.05,True,0.18,0,3,-0.044869376009217886,-0.35356564353184633,8.333333333333334,6.387323844121412,0.0,-0.1247697181581623,False,non_positive_excess,False,0.514861111111111,DANGER,0-20%
high_beta,ma=20/120|atr=14/40|buy=1.05|sell=1.15|vol_on|tv=0.20,20,120,14,40,1.05,1.15,True,0.2,0,3,-0.0414745139006929,-0.4013531877488339,8.666666666666666,6.922346497091996,0.0,-0.11031186760549488,False,"non_positive_excess,max_drawdown_cap",False,0.513611111111111,DANGER,0-20%
high_beta,ma=5/120|atr=20/40|buy=1.00|sell=1.15|vol_on|tv=0.18,5,120,20,40,1.0,1.15,True,0.18,0,3,-0.04404382800346992,-0.392028122156927,9.666666666666666,5.156230478851376,0.0,-0.12152149321894538,False,non_positive_excess,False,0.5124305555555555,DANGER,0-20%
high_beta,ma=5/250|atr=20/20|buy=1.00|sell=1.10|vol_on|tv=0.20,5,250,20,20,1.0,1.1,True,0.2,0,3,-0.04303627471867203,-0.25583009138641005,5.0,3.8137345195886354,0.0,-0.39106018769648254,False,non_positive_excess,False,0.5115972222222223,DANGER,0-20%
high_beta,ma=5/250|atr=20/20|buy=1.05|sell=1.10|vol_on|tv=0.20,5,250,20,20,1.05,1.1,True,0.2,0,3,-0.04194767351842225,-0.26746021476775356,6.0,3.829373052438777,0.0,-0.3817939529926116,False,non_positive_excess,False,0.5078472222222223,DANGER,0-20%
high_beta,ma=30/250|atr=14/60|buy=1.05|sell=1.15|vol_on|tv=0.18,30,250,14,60,1.05,1.15,True,0.18,0,3,-0.04864405980568698,-0.4175504606613963,2.3333333333333335,2.3175806524117033,0.0,-0.116884515622784,False,"trade_count,non_positive_excess,max_drawdown_cap",False,0.5062499999999999,DANGER,0-20%
high_beta,ma=30/250|atr=14/60|buy=1.05|sell=1.15|vol_on|tv=0.20,30,250,14,60,1.05,1.15,True,0.2,0,3,-0.04864405980568698,-0.4175504606613963,2.3333333333333335,2.3175806524117033,0.0,-0.116884515622784,False,"trade_count,non_positive_excess,max_drawdown_cap",False,0.5062499999999999,DANGER,0-20%
high_beta,ma=30/250|atr=20/20|buy=1.05|sell=1.10|vol_on|tv=0.18,30,250,20,20,1.05,1.1,True,0.18,0,3,-0.04864405980568698,-0.4175504606613963,2.3333333333333335,2.3175806524117033,0.0,-0.116884515622784,False,"trade_count,non_positive_excess,max_drawdown_cap",False,0.5062499999999999,DANGER,0-20%
high_beta,ma=30/250|atr=20/20|buy=1.05|sell=1.10|vol_on|tv=0.20,30,250,20,20,1.05,1.1,True,0.2,0,3,-0.04864405980568698,-0.4175504606613963,2.3333333333333335,2.3175806524117033,0.0,-0.116884515622784,False,"trade_count,non_positive_excess,max_drawdown_cap",False,0.5062499999999999,DANGER,0-20%
high_beta,ma=10/250|atr=20/40|buy=1.00|sell=1.10|vol_on|tv=0.20,10,250,20,40,1.0,1.1,True,0.2,0,3,-0.04192010141720037,-0.3193352651949403,3.0,2.2430579834632574,0.0,-0.3597789305260564,False,non_positive_excess,False,0.5058333333333334,DANGER,0-20%
high_beta,ma=10/250|atr=20/40|buy=1.00|sell=1.15|vol_on|tv=0.20,10,250,20,40,1.0,1.15,True,0.2,0,3,-0.04192010141720037,-0.3193352651949403,3.0,2.2430579834632574,0.0,-0.3597789305260564,False,non_positive_excess,False,0.5058333333333334,DANGER,0-20%
high_beta,ma=20/120|atr=20/40|buy=1.00|sell=1.15|vol_on|tv=0.20,20,120,20,40,1.0,1.15,True,0.2,0,3,-0.04757344453180723,-0.4738242271123267,7.0,5.23739719593641,0.0,-0.09085404549692551,False,"non_positive_excess,max_drawdown_cap",False,0.5036805555555555,DANGER,0-20%
high_beta,ma=10/250|atr=20/40|buy=1.00|sell=1.05|vol_on|tv=0.20,10,250,20,40,1.0,1.05,True,0.2,0,3,-0.050106931623979944,-0.25126608624485075,3.3333333333333335,2.5614216424191407,0.0,-0.4078291190114342,False,non_positive_excess,False,0.503125,DANGER,0-20%
high_beta,ma=5/250|atr=14/40|buy=1.05|sell=1.15|vol_on|tv=0.20,5,250,14,40,1.05,1.15,True,0.2,0,3,-0.04303631420175854,-0.25983319963764323,5.333333333333333,3.8144449719415814,0.0,-0.38883430949374315,False,non_positive_excess,False,0.5025694444444444,DANGER,0-20%
high_beta,ma=30/250|atr=20/40|buy=1.05|sell=1.05|vol_on|tv=0.18,30,250,20,40,1.05,1.05,True,0.18,0,3,-0.08832935073956634,-0.13218105714041528,2.3333333333333335,2.0024286274948415,0.0,-0.3775477757056272,False,"trade_count,non_positive_excess",False,0.502361111111111,DANGER,0-20%
high_beta,ma=30/250|atr=20/60|buy=1.00|sell=1.05|vol_on|tv=0.18,30,250,20,60,1.0,1.05,True,0.18,0,3,-0.08832935073956634,-0.13218105714041528,2.3333333333333335,2.0024286274948415,0.0,-0.3775477757056272,False,"trade_count,non_positive_excess",False,0.502361111111111,DANGER,0-20%
high_beta,ma=10/250|atr=14/40|buy=1.00|sell=1.05|vol_on|tv=0.20,10,250,14,40,1.0,1.05,True,0.2,0,3,-0.05134410124207019,-0.2423110382490684,3.6666666666666665,2.5929675123866454,0.0,-0.4126151508641491,False,non_positive_excess,False,0.5014583333333333,DANGER,0-20%
high_beta,ma=10/250|atr=14/40|buy=1.00|sell=1.10|vol_on|tv=0.20,10,250,14,40,1.0,1.1,True,0.2,0,3,-0.05134410124207019,-0.2423110382490684,3.6666666666666665,2.5929675123866454,0.0,-0.4126151508641491,False,non_positive_excess,False,0.5014583333333333,DANGER,0-20%
high_beta,ma=10/250|atr=14/40|buy=1.00|sell=1.15|vol_on|tv=0.20,10,250,14,40,1.0,1.15,True,0.2,0,3,-0.05134410124207019,-0.2423110382490684,3.6666666666666665,2.5929675123866454,0.0,-0.4126151508641491,False,non_positive_excess,False,0.5014583333333333,DANGER,0-20%
high_beta,ma=30/250|atr=20/40|buy=1.05|sell=1.05|vol_on|tv=0.20,30,250,20,40,1.05,1.05,True,0.2,0,3,-0.08877901376621851,-0.13218105714041528,2.3333333333333335,1.9941696191281117,0.0,-0.37897184499205766,False,"trade_count,non_positive_excess",False,0.5004166666666667,DANGER,0-20%
high_beta,ma=30/250|atr=20/60|buy=1.00|sell=1.05|vol_on|tv=0.20,30,250,20,60,1.0,1.05,True,0.2,0,3,-0.08877901376621851,-0.13218105714041528,2.3333333333333335,1.9941696191281117,0.0,-0.37897184499205766,False,"trade_count,non_positive_excess",False,0.5004166666666667,DANGER,0-20%
high_beta,ma=10/250|atr=20/20|buy=1.00|sell=1.10|vol_on|tv=0.20,10,250,20,20,1.0,1.1,True,0.2,0,3,-0.051548531853655266,-0.2516482662663699,3.3333333333333335,2.525375795755194,0.0,-0.40581197680871844,False,non_positive_excess,False,0.4995833333333333,DANGER,0-20%
high_beta,ma=5/250|atr=14/40|buy=1.00|sell=1.15|vol_on|tv=0.20,5,250,14,40,1.0,1.15,True,0.2,0,3,-0.04362944297919583,-0.25983319963764323,5.0,3.8023845331183304,0.0,-0.3909926297986704,False,non_positive_excess,False,0.4994444444444444,DANGER,0-20%
high_beta,ma=5/250|atr=20/20|buy=1.05|sell=1.15|vol_on|tv=0.20,5,250,20,20,1.05,1.15,True,0.2,0,3,-0.03288950160542581,-0.32261134627402677,5.666666666666667,3.466465534263897,0.0,-0.34818102454483074,False,non_positive_excess,False,0.49937499999999996,DANGER,0-20%
high_beta,ma=5/120|atr=20/40|buy=1.05|sell=1.05|vol_on|tv=0.18,5,120,20,40,1.05,1.05,True,0.18,0,3,-0.040880037171637205,-0.37065239152586393,12.0,7.802543183535924,0.0,-0.1295314595019291,False,non_positive_excess,False,0.49826388888888884,DANGER,0-20%
high_beta,ma=20/120|atr=20/40|buy=1.05|sell=1.05|vol_on|tv=0.18,20,120,20,40,1.05,1.05,True,0.18,0,3,-0.04479996080949208,-0.37822217371616995,10.333333333333334,8.333275241717944,0.0,-0.11507649936285129,False,"non_positive_excess,turnover_cap",False,0.49756944444444445,DANGER,0-20%
high_beta,ma=20/120|atr=20/40|buy=1.05|sell=1.10|vol_on|tv=0.18,20,120,20,40,1.05,1.1,True,0.18,0,3,-0.04479996080949208,-0.37822217371616995,10.333333333333334,8.333275241717944,0.0,-0.11507649936285129,False,"non_positive_excess,turnover_cap",False,0.49756944444444445,DANGER,0-20%
high_beta,ma=20/120|atr=20/60|buy=1.00|sell=1.05|vol_on|tv=0.18,20,120,20,60,1.0,1.05,True,0.18,0,3,-0.04479996080949208,-0.37822217371616995,10.333333333333334,8.333275241717944,0.0,-0.11507649936285129,False,"non_positive_excess,turnover_cap",False,0.49756944444444445,DANGER,0-20%
high_beta,ma=5/120|atr=20/40|buy=1.00|sell=1.05|vol_on|tv=0.18,5,120,20,40,1.0,1.05,True,0.18,0,3,-0.04104602030272401,-0.37065239105676123,11.666666666666666,7.793446599836933,0.0,-0.13029337861828333,False,non_positive_excess,False,0.4971527777777778,DANGER,0-20%
high_beta,ma=5/250|atr=14/20|buy=1.00|sell=1.10|vol_on|tv=0.20,5,250,14,20,1.0,1.1,True,0.2,0,3,-0.04370912764023512,-0.25983319963764323,5.333333333333333,3.810125826252707,0.0,-0.3912825921617434,False,non_positive_excess,False,0.49624999999999997,DANGER,0-20%
high_beta,ma=5/250|atr=14/20|buy=1.00|sell=1.15|vol_on|tv=0.20,5,250,14,20,1.0,1.15,True,0.2,0,3,-0.04370912764023512,-0.25983319963764323,5.333333333333333,3.810125826252707,0.0,-0.3912825921617434,False,non_positive_excess,False,0.49624999999999997,DANGER,0-20%
high_beta,ma=20/120|atr=20/40|buy=1.05|sell=1.15|vol_on|tv=0.18,20,120,20,40,1.05,1.15,True,0.18,0,3,-0.047802782408373067,-0.4710480832634178,8.333333333333334,5.4929970606432015,0.0,-0.09401386123179999,False,"non_positive_excess,max_drawdown_cap",False,0.4955555555555556,DANGER,0-20%
high_beta,ma=5/250|atr=14/20|buy=1.05|sell=1.10|vol_on|tv=0.20,5,250,14,20,1.05,1.1,True,0.2,0,3,-0.04328521023242563,-0.27169568152700624,5.666666666666667,3.812842176816955,0.0,-0.3843108403019897,False,non_positive_excess,False,0.49298611111111107,DANGER,0-20%
high_beta,ma=5/250|atr=14/20|buy=1.05|sell=1.15|vol_on|tv=0.20,5,250,14,20,1.05,1.15,True,0.2,0,3,-0.04328521023242563,-0.27169568152700624,5.666666666666667,3.812842176816955,0.0,-0.3843108403019897,False,non_positive_excess,False,0.49298611111111107,DANGER,0-20%
high_beta,ma=5/250|atr=20/20|buy=1.00|sell=1.05|vol_on|tv=0.20,5,250,20,20,1.0,1.05,True,0.2,0,3,-0.04451734542574918,-0.25583009138640994,5.333333333333333,4.194030027902012,0.0,-0.3964496159314927,False,non_positive_excess,False,0.4911111111111111,DANGER,0-20%
high_beta,ma=10/250|atr=20/20|buy=1.05|sell=1.10|vol_on|tv=0.20,10,250,20,20,1.05,1.1,True,0.2,0,3,-0.04970940424713969,-0.2614712888737796,3.6666666666666665,2.563719677340337,0.0,-0.3992599197484244,False,non_positive_excess,False,0.49062500000000003,DANGER,0-20%
high_beta,ma=10/250|atr=14/20|buy=1.00|sell=1.15|vol_on|tv=0.18,10,250,14,20,1.0,1.15,True,0.18,0,3,-0.05251924866199942,-0.2322594760040064,4.0,2.021839035881027,0.0,-0.4596183907725053,False,non_positive_excess,False,0.49027777777777776,DANGER,0-20%
high_beta,ma=10/250|atr=14/20|buy=1.00|sell=1.10|vol_on|tv=0.20,10,250,14,20,1.0,1.1,True,0.2,0,3,-0.05143635682455564,-0.2509707007758744,4.666666666666667,3.1651204890505866,0.0,-0.4066482005677645,False,non_positive_excess,False,0.4896527777777778,DANGER,0-20%
high_beta,ma=5/250|atr=20/20|buy=1.00|sell=1.15|vol_on|tv=0.20,5,250,20,20,1.0,1.15,True,0.2,0,3,-0.03400532074150283,-0.32415145016255725,4.666666666666667,3.4573080527054088,0.0,-0.35042762651677845,False,non_positive_excess,False,0.48826388888888883,DANGER,0-20%
high_beta,ma=20/120|atr=14/60|buy=1.05|sell=1.15|vol_on|tv=0.20,20,120,14,60,1.05,1.15,True,0.2,0,3,-0.04398435894426774,-0.41572332298886194,8.666666666666666,6.421412310860099,0.0,-0.1087293707969287,False,"non_positive_excess,max_drawdown_cap",False,0.4879166666666666,DANGER,0-20%
high_beta,ma=5/250|atr=14/20|buy=1.00|sell=1.05|vol_on|tv=0.20,5,250,14,20,1.0,1.05,True,0.2,0,3,-0.044177767572734096,-0.2598331996376431,5.666666666666667,4.206364154827008,0.0,-0.3929879133676754,False,non_positive_excess,False,0.4850694444444444,DANGER,0-20%
high_beta,ma=5/250|atr=14/40|buy=1.05|sell=1.05|vol_on|tv=0.20,5,250,14,40,1.05,1.05,True,0.2,0,3,-0.04385017952703052,-0.25983319963764323,5.666666666666667,4.217153775034717,0.0,-0.39179586206686284,False,non_positive_excess,False,0.48465277777777777,DANGER,0-20%
high_beta,ma=5/250|atr=14/40|buy=1.05|sell=1.10|vol_on|tv=0.20,5,250,14,40,1.05,1.1,True,0.2,0,3,-0.04385017952703052,-0.25983319963764323,5.666666666666667,4.217153775034717,0.0,-0.39179586206686284,False,non_positive_excess,False,0.48465277777777777,DANGER,0-20%
high_beta,ma=10/250|atr=20/20|buy=1.05|sell=1.15|vol_on|tv=0.18,10,250,20,20,1.05,1.15,True,0.18,0,3,-0.041947073821149004,-0.3109091078851944,3.0,1.7267451807382475,0.0,-0.4060156696044788,False,non_positive_excess,False,0.48361111111111116,DANGER,0-20%
high_beta,ma=5/250|atr=14/40|buy=1.05|sell=1.15|vol_on|tv=0.18,5,250,14,40,1.05,1.15,True,0.18,0,3,-0.04488067341123673,-0.25488204461060676,6.0,3.6754487436077956,0.0,-0.4403635234914294,False,non_positive_excess,False,0.4829861111111111,DANGER,0-20%
high_beta,ma=5/250|atr=20/20|buy=1.05|sell=1.10|vol_on|tv=0.18,5,250,20,20,1.05,1.1,True,0.18,0,3,-0.04386932261278879,-0.25930284115196645,6.333333333333333,3.686212646839074,0.0,-0.4349141224569,False,non_positive_excess,False,0.48236111111111113,DANGER,0-20%
high_beta,ma=5/250|atr=14/20|buy=1.05|sell=1.05|vol_on|tv=0.20,5,250,14,20,1.05,1.05,True,0.2,0,3,-0.04375443852521695,-0.2716956815270061,6.0,4.209058007931965,0.0,-0.3858225400821185,False,non_positive_excess,False,0.4814583333333333,DANGER,0-20%
high_beta,ma=5/250|atr=20/20|buy=1.00|sell=1.10|vol_on|tv=0.18,5,250,20,20,1.0,1.1,True,0.18,0,3,-0.04484212176473257,-0.2518262346952936,5.333333333333333,3.6723838389912693,0.0,-0.44238786843402256,False,non_positive_excess,False,0.4807638888888889,DANGER,0-20%
high_beta,ma=5/250|atr=14/40|buy=1.00|sell=1.15|vol_on|tv=0.18,5,250,14,40,1.0,1.15,True,0.18,0,3,-0.04540716727017324,-0.2548820446106068,5.666666666666667,3.6648249251934897,0.0,-0.44232456609518606,False,non_positive_excess,False,0.47715277777777776,DANGER,0-20%
high_beta,ma=10/250|atr=20/20|buy=1.05|sell=1.10|vol_on|tv=0.18,10,250,20,20,1.05,1.1,True,0.18,0,3,-0.051180826308846426,-0.2509165843726001,3.6666666666666665,2.542204959824748,0.0,-0.45227471249627055,False,non_positive_excess,False,0.47715277777777776,DANGER,0-20%
high_beta,ma=20/120|atr=20/20|buy=1.05|sell=1.10|vol_on|tv=0.18,20,120,20,20,1.05,1.1,True,0.18,0,3,-0.0525049397153902,-0.40715537117937295,7.333333333333333,5.566782436928641,0.0,-0.10687451779225578,False,"non_positive_excess,max_drawdown_cap",False,0.4765277777777777,DANGER,0-20%
high_beta,ma=20/120|atr=14/40|buy=1.05|sell=1.15|vol_on|tv=0.18,20,120,14,40,1.05,1.15,True,0.18,0,3,-0.044926586435659756,-0.3910933300583608,9.0,6.7364548925645735,0.0,-0.12357572304544634,False,non_positive_excess,False,0.47604166666666664,DANGER,0-20%
high_beta,ma=5/120|atr=14/60|buy=1.05|sell=1.15|vol_on|tv=0.20,5,120,14,60,1.05,1.15,True,0.2,0,3,-0.04626532708944057,-0.4036716144376907,10.0,5.9805890507757615,0.0,-0.12057440774970873,False,"non_positive_excess,max_drawdown_cap",False,0.4745833333333333,DANGER,0-20%
high_beta,ma=10/250|atr=20/20|buy=1.00|sell=1.15|vol_on|tv=0.18,10,250,20,20,1.0,1.15,True,0.18,0,3,-0.04506929092426559,-0.2944237033527215,2.6666666666666665,1.6623948860744135,0.0,-0.41806814855372854,False,"trade_count,non_positive_excess",False,0.4720833333333333,DANGER,0-20%
high_beta,ma=5/250|atr=14/20|buy=1.00|sell=1.10|vol_on|tv=0.18,5,250,14,20,1.0,1.1,True,0.18,0,3,-0.04545176487882663,-0.2554268942477365,5.666666666666667,3.668973198734984,0.0,-0.44255553847663626,False,non_positive_excess,False,0.47208333333333324,DANGER,0-20%
high_beta,ma=5/250|atr=14/20|buy=1.00|sell=1.15|vol_on|tv=0.18,5,250,14,20,1.0,1.15,True,0.18,0,3,-0.04545176487882663,-0.2554268942477365,5.666666666666667,3.668973198734984,0.0,-0.44255553847663626,False,non_positive_excess,False,0.47208333333333324,DANGER,0-20%
high_beta,ma=5/250|atr=14/40|buy=1.00|sell=1.05|vol_on|tv=0.20,5,250,14,40,1.0,1.05,True,0.2,0,3,-0.04578214761385543,-0.2598331996376431,5.333333333333333,4.178406039245446,0.0,-0.3988260486113127,False,non_positive_excess,False,0.47173611111111113,DANGER,0-20%
high_beta,ma=5/250|atr=14/40|buy=1.00|sell=1.10|vol_on|tv=0.20,5,250,14,40,1.0,1.1,True,0.2,0,3,-0.04578214761385543,-0.2598331996376431,5.333333333333333,4.178406039245446,0.0,-0.3988260486113127,False,non_positive_excess,False,0.47173611111111113,DANGER,0-20%
high_beta,ma=10/250|atr=20/40|buy=1.00|sell=1.05|vol_on|tv=0.18,10,250,20,40,1.0,1.05,True,0.18,0,3,-0.0515387079353955,-0.24717221062909847,3.3333333333333335,2.5401367283956713,0.0,-0.4563642580216232,False,non_positive_excess,False,0.4711111111111111,DANGER,0-20%
high_beta,ma=5/250|atr=20/20|buy=1.05|sell=1.15|vol_on|tv=0.18,5,250,20,20,1.05,1.15,True,0.18,0,3,-0.034823419055316863,-0.32035931362239206,6.0,3.3262384767847544,0.0,-0.398028331544147,False,non_positive_excess,False,0.470625,DANGER,0-20%
high_beta,ma=10/250|atr=14/40|buy=1.00|sell=1.05|vol_on|tv=0.18,10,250,14,40,1.0,1.05,True,0.18,0,3,-0.053886890509388996,-0.23034952484153137,3.6666666666666665,2.599397857828894,0.0,-0.46632292773081613,False,non_positive_excess,False,0.469375,DANGER,0-20%
high_beta,ma=10/250|atr=14/40|buy=1.00|sell=1.10|vol_on|tv=0.18,10,250,14,40,1.0,1.1,True,0.18,0,3,-0.053886890509388996,-0.23034952484153137,3.6666666666666665,2.599397857828894,0.0,-0.46632292773081613,False,non_positive_excess,False,0.469375,DANGER,0-20%
high_beta,ma=10/250|atr=14/40|buy=1.00|sell=1.15|vol_on|tv=0.18,10,250,14,40,1.0,1.15,True,0.18,0,3,-0.053886890509388996,-0.23034952484153137,3.6666666666666665,2.599397857828894,0.0,-0.46632292773081613,False,non_positive_excess,False,0.469375,DANGER,0-20%
high_beta,ma=5/250|atr=14/40|buy=1.05|sell=1.05|vol_on|tv=0.18,5,250,14,40,1.05,1.05,True,0.18,0,3,-0.04568039518176126,-0.25488204461060676,6.333333333333333,4.037491290730653,0.0,-0.44334226376832114,False,non_positive_excess,False,0.46770833333333334,DANGER,0-20%
high_beta,ma=5/250|atr=14/40|buy=1.05|sell=1.10|vol_on|tv=0.18,5,250,14,40,1.05,1.1,True,0.18,0,3,-0.04568039518176126,-0.25488204461060676,6.333333333333333,4.037491290730653,0.0,-0.44334226376832114,False,non_positive_excess,False,0.46770833333333334,DANGER,0-20%
high_beta,ma=5/120|atr=14/60|buy=1.00|sell=1.15|vol_on|tv=0.20,5,120,14,60,1.0,1.15,True,0.2,0,3,-0.0467226302227682,-0.4048468171233175,9.0,5.726789158073764,0.0,-0.12110503481558292,False,"non_positive_excess,max_drawdown_cap",False,0.46749999999999997,DANGER,0-20%
high_beta,ma=10/250|atr=20/20|buy=1.00|sell=1.10|vol_on|tv=0.18,10,250,20,20,1.0,1.1,True,0.18,0,3,-0.054303043411963015,-0.2344311798401272,3.3333333333333335,2.477854665160914,0.0,-0.46432719144552026,False,non_positive_excess,False,0.46694444444444444,DANGER,0-20%
high_beta,ma=5/120|atr=14/60|buy=1.05|sell=1.15|vol_on|tv=0.18,5,120,14,60,1.05,1.15,True,0.18,0,3,-0.04816857399150143,-0.3920281226260296,10.333333333333334,5.9598512494897475,0.0,-0.13448733211021827,False,non_positive_excess,False,0.4656249999999999,DANGER,0-20%
high_beta,ma=5/250|atr=14/60|buy=1.00|sell=1.10|vol_on|tv=0.20,5,250,14,60,1.0,1.1,True,0.2,0,3,-0.04997693588412799,-0.26754085641548225,6.0,4.810886357999424,0.0,-0.36743977470506367,False,non_positive_excess,False,0.4640972222222222,DANGER,0-20%
high_beta,ma=5/250|atr=14/60|buy=1.05|sell=1.10|vol_on|tv=0.20,5,250,14,60,1.05,1.1,True,0.2,0,3,-0.04997693588412799,-0.26754085641548225,6.0,4.810886357999424,0.0,-0.36743977470506367,False,non_positive_excess,False,0.4640972222222222,DANGER,0-20%
high_beta,ma=5/250|atr=14/20|buy=1.05|sell=1.10|vol_on|tv=0.18,5,250,14,20,1.05,1.1,True,0.18,0,3,-0.04506981918973948,-0.2631127215446853,6.0,3.671404859249438,0.0,-0.4371644237416423,False,non_positive_excess,False,0.46395833333333336,DANGER,0-20%
high_beta,ma=5/250|atr=14/20|buy=1.05|sell=1.15|vol_on|tv=0.18,5,250,14,20,1.05,1.15,True,0.18,0,3,-0.04506981918973948,-0.2631127215446853,6.0,3.671404859249438,0.0,-0.4371644237416423,False,non_positive_excess,False,0.46395833333333336,DANGER,0-20%
high_beta,ma=20/120|atr=14/20|buy=1.05|sell=1.10|vol_on|tv=0.20,20,120,14,20,1.05,1.1,True,0.2,0,3,-0.04831873764610828,-0.3972031147545441,7.0,5.20225247208883,0.0,-0.12706332851646585,False,non_positive_excess,False,0.46354166666666663,DANGER,0-20%
high_beta,ma=20/120|atr=20/60|buy=1.00|sell=1.15|vol_on|tv=0.20,20,120,20,60,1.0,1.15,True,0.2,0,3,-0.0509367805855235,-0.4977653403176838,8.333333333333334,5.903444648899971,0.0,-0.09747257320118914,False,"non_positive_excess,max_drawdown_cap",False,0.4630555555555555,DANGER,0-20%
high_beta,ma=20/120|atr=20/60|buy=1.05|sell=1.15|vol_on|tv=0.20,20,120,20,60,1.05,1.15,True,0.2,0,3,-0.0509367805855235,-0.4977653403176838,8.333333333333334,5.903444648899971,0.0,-0.09747257320118914,False,"non_positive_excess,max_drawdown_cap",False,0.4630555555555555,DANGER,0-20%
high_beta,ma=5/250|atr=20/20|buy=1.00|sell=1.05|vol_on|tv=0.18,5,250,20,20,1.0,1.05,True,0.18,0,3,-0.04618455816142153,-0.2518262346952936,5.666666666666667,4.014625362198678,0.0,-0.4473880691430268,False,non_positive_excess,False,0.46277777777777773,DANGER,0-20%
high_beta,ma=20/120|atr=14/60|buy=1.00|sell=1.15|vol_on|tv=0.18,20,120,14,60,1.0,1.15,True,0.18,0,3,-0.047285172221062544,-0.40888317497948606,8.666666666666666,6.344217539602954,0.0,-0.12024329343127793,False,"non_positive_excess,max_drawdown_cap",False,0.4616666666666666,DANGER,0-20%
high_beta,ma=5/250|atr=20/20|buy=1.05|sell=1.05|vol_on|tv=0.20,5,250,20,20,1.05,1.05,True,0.2,0,3,-0.04317339338516738,-0.2674602147677535,6.666666666666667,4.820039867868884,0.08333333333333333,-0.38574282070055727,False,non_positive_excess,False,0.46118055555555554,DANGER,0-20%
high_beta,ma=10/250|atr=20/40|buy=1.00|sell=1.10|vol_on|tv=0.18,10,250,20,40,1.0,1.1,True,0.18,0,3,-0.04335187772861593,-0.31524138957918807,3.0,2.221773069439788,0.0,-0.4083140695362455,False,non_positive_excess,False,0.4608333333333333,DANGER,0-20%
high_beta,ma=10/250|atr=20/40|buy=1.00|sell=1.15|vol_on|tv=0.18,10,250,20,40,1.0,1.15,True,0.18,0,3,-0.04335187772861593,-0.31524138957918807,3.0,2.221773069439788,0.0,-0.4083140695362455,False,non_positive_excess,False,0.4608333333333333,DANGER,0-20%
high_beta,ma=5/250|atr=14/20|buy=1.00|sell=1.05|vol_on|tv=0.18,5,250,14,20,1.0,1.05,True,0.18,0,3,-0.04587588714158438,-0.2554268942477365,6.0,4.025607222866658,0.0,-0.44413527547138426,False,non_positive_excess,False,0.460625,DANGER,0-20%
high_beta,ma=10/250|atr=14/40|buy=1.05|sell=1.05|vol_on|tv=0.20,10,250,14,40,1.05,1.05,True,0.2,0,3,-0.05220874299814626,-0.2423110382490684,4.666666666666667,3.273396128832354,0.0,-0.4479783455824171,False,non_positive_excess,False,0.46013888888888893,DANGER,0-20%
high_beta,ma=10/250|atr=14/40|buy=1.05|sell=1.10|vol_on|tv=0.20,10,250,14,40,1.05,1.1,True,0.2,0,3,-0.05220874299814626,-0.2423110382490684,4.666666666666667,3.273396128832354,0.0,-0.4479783455824171,False,non_positive_excess,False,0.46013888888888893,DANGER,0-20%
high_beta,ma=5/250|atr=14/60|buy=1.00|sell=1.05|vol_on|tv=0.20,5,250,14,60,1.0,1.05,True,0.2,0,3,-0.05064561864827007,-0.26754085641548225,6.0,4.806723586968246,0.0,-0.36987302637367847,False,non_positive_excess,False,0.459375,DANGER,0-20%
high_beta,ma=5/250|atr=14/60|buy=1.05|sell=1.05|vol_on|tv=0.20,5,250,14,60,1.05,1.05,True,0.2,0,3,-0.05064561864827007,-0.26754085641548225,6.0,4.806723586968246,0.0,-0.36987302637367847,False,non_positive_excess,False,0.459375,DANGER,0-20%
high_beta,ma=5/120|atr=14/60|buy=1.00|sell=1.15|vol_on|tv=0.18,5,120,14,60,1.0,1.15,True,0.18,0,3,-0.048512467450680274,-0.392914046633964,9.333333333333334,5.657692895833076,0.0,-0.13492168609346247,False,non_positive_excess,False,0.4589583333333333,DANGER,0-20%
high_beta,ma=5/250|atr=14/40|buy=1.00|sell=1.05|vol_on|tv=0.18,5,250,14,40,1.0,1.05,True,0.18,0,3,-0.047420541338510036,-0.25488204461060676,6.0,4.002818909085616,0.0,-0.44982382227508305,False,non_positive_excess,False,0.4576388888888889,DANGER,0-20%
high_beta,ma=5/250|atr=14/40|buy=1.00|sell=1.10|vol_on|tv=0.18,5,250,14,40,1.0,1.1,True,0.18,0,3,-0.047420541338510036,-0.25488204461060676,6.0,4.002818909085616,0.0,-0.44982382227508305,False,non_positive_excess,False,0.4576388888888889,DANGER,0-20%
high_beta,ma=10/250|atr=14/20|buy=1.00|sell=1.10|vol_on|tv=0.18,10,250,14,20,1.0,1.1,True,0.18,0,3,-0.053963549492647624,-0.23814322111565667,4.666666666666667,3.112678719724091,0.0,-0.46088512653660474,False,non_positive_excess,False,0.4574305555555555,DANGER,0-20%
high_beta,ma=5/250|atr=20/20|buy=1.00|sell=1.15|vol_on|tv=0.18,5,250,20,20,1.0,1.15,True,0.18,0,3,-0.03582052981506586,-0.3217513443262512,5.0,3.3181642188047493,0.0,-0.40003279797372243,False,non_positive_excess,False,0.45673611111111106,DANGER,0-20%
high_beta,ma=5/120|atr=20/60|buy=1.05|sell=1.10|vol_on|tv=0.20,5,120,20,60,1.05,1.1,True,0.2,0,3,-0.04610256455892029,-0.4136400577630173,10.0,6.753027854873232,0.0,-0.12049207392467425,False,"non_positive_excess,max_drawdown_cap",False,0.45638888888888884,DANGER,0-20%
high_beta,ma=5/120|atr=14/60|buy=1.05|sell=1.10|vol_on|tv=0.20,5,120,14,60,1.05,1.1,True,0.2,0,3,-0.04737671809176384,-0.4036716144376907,10.333333333333334,6.5632060782572275,0.0,-0.12526683069979627,False,"non_positive_excess,max_drawdown_cap",False,0.4547916666666666,DANGER,0-20%
high_beta,ma=5/250|atr=14/20|buy=1.05|sell=1.05|vol_on|tv=0.18,5,250,14,20,1.05,1.05,True,0.18,0,3,-0.04549442179474498,-0.26311272154468535,6.333333333333333,4.028020628510251,0.0,-0.4386208666545284,False,non_positive_excess,False,0.45402777777777775,DANGER,0-20%
high_beta,ma=5/250|atr=14/60|buy=1.00|sell=1.10|vol_on|tv=0.18,5,250,14,60,1.0,1.1,True,0.18,0,3,-0.05159875666745487,-0.26409906378151754,6.666666666666667,4.636412541922959,0.0,-0.3862585740167362,False,non_positive_excess,False,0.45326388888888886,DANGER,0-20%
high_beta,ma=5/250|atr=14/60|buy=1.05|sell=1.10|vol_on|tv=0.18,5,250,14,60,1.05,1.1,True,0.18,0,3,-0.05159875666745487,-0.26409906378151754,6.666666666666667,4.636412541922959,0.0,-0.3862585740167362,False,non_positive_excess,False,0.45326388888888886,DANGER,0-20%
high_beta,ma=5/120|atr=14/60|buy=1.00|sell=1.10|vol_on|tv=0.20,5,120,14,60,1.0,1.1,True,0.2,0,3,-0.04768042201490489,-0.4048468171233175,9.666666666666666,6.506206825705985,0.0,-0.12514894391457024,False,"non_positive_excess,max_drawdown_cap",False,0.4506944444444444,DANGER,0-20%
high_beta,ma=20/120|atr=20/20|buy=1.05|sell=1.15|vol_on|tv=0.20,20,120,20,20,1.05,1.15,True,0.2,0,3,-0.05407987536917961,-0.481343245411541,6.0,4.277961027661253,0.0,-0.10301927527761222,False,"non_positive_excess,max_drawdown_cap",False,0.4499305555555555,DANGER,0-20%
high_beta,ma=10/250|atr=14/60|buy=1.00|sell=1.05|vol_on|tv=0.20,10,250,14,60,1.0,1.05,True,0.2,0,3,-0.054144857784556764,-0.2423110382490684,4.333333333333333,3.2372515058822646,0.0,-0.45495566030073875,False,non_positive_excess,False,0.4494444444444445,DANGER,0-20%
high_beta,ma=10/250|atr=14/60|buy=1.05|sell=1.05|vol_on|tv=0.20,10,250,14,60,1.05,1.05,True,0.2,0,3,-0.054144857784556764,-0.2423110382490684,4.333333333333333,3.2372515058822646,0.0,-0.45495566030073875,False,non_positive_excess,False,0.4494444444444445,DANGER,0-20%
high_beta,ma=30/250|atr=14/40|buy=1.05|sell=1.15|vol_on|tv=0.20,30,250,14,40,1.05,1.15,True,0.2,0,3,-0.06680615255262316,-0.3088205912098728,2.0,1.62276798989618,0.0,-0.2773006951717771,False,"trade_count,non_positive_excess",False,0.4488194444444444,DANGER,0-20%
high_beta,ma=5/250|atr=14/60|buy=1.00|sell=1.05|vol_on|tv=0.18,5,250,14,60,1.0,1.05,True,0.18,0,3,-0.05226701941669972,-0.26409906378151754,6.666666666666667,4.632265403644975,0.0,-0.3887476661486366,False,non_positive_excess,False,0.44840277777777776,DANGER,0-20%
high_beta,ma=5/250|atr=14/60|buy=1.05|sell=1.05|vol_on|tv=0.18,5,250,14,60,1.05,1.05,True,0.18,0,3,-0.05226701941669972,-0.26409906378151754,6.666666666666667,4.632265403644975,0.0,-0.3887476661486366,False,non_positive_excess,False,0.44840277777777776,DANGER,0-20%
high_beta,ma=30/250|atr=14/20|buy=1.00|sell=1.15|vol_on|tv=0.20,30,250,14,20,1.0,1.15,True,0.2,0,3,-0.06693359044326692,-0.2877408389178853,2.6666666666666665,2.1802312564963393,0.0,-0.3690181943183625,False,"trade_count,non_positive_excess",False,0.44833333333333336,DANGER,0-20%
high_beta,ma=30/250|atr=14/20|buy=1.05|sell=1.15|vol_on|tv=0.20,30,250,14,20,1.05,1.15,True,0.2,0,3,-0.06693359044326692,-0.2877408389178853,2.6666666666666665,2.1802312564963393,0.0,-0.3690181943183625,False,"trade_count,non_positive_excess",False,0.44833333333333336,DANGER,0-20%
high_beta,ma=20/120|atr=20/40|buy=1.00|sell=1.15|vol_on|tv=0.18,20,120,20,40,1.0,1.15,True,0.18,0,3,-0.05314916177996768,-0.4741125063733797,7.333333333333333,5.237029637467529,0.0,-0.10256243233892332,False,"non_positive_excess,max_drawdown_cap",False,0.4479166666666666,DANGER,0-20%
high_beta,ma=10/250|atr=20/40|buy=1.05|sell=1.05|vol_on|tv=0.20,10,250,20,40,1.05,1.05,True,0.2,0,3,-0.052907688166466516,-0.25126608624485075,4.0,3.2057056359147604,0.0,-0.45016962844802383,False,non_positive_excess,False,0.4475694444444444,DANGER,0-20%
high_beta,ma=30/250|atr=14/40|buy=1.05|sell=1.15|vol_on|tv=0.18,30,250,14,40,1.05,1.15,True,0.18,0,3,-0.06782102663451088,-0.3088205912098728,2.0,1.6219016432848727,0.0,-0.28208579198766826,False,"trade_count,non_positive_excess",False,0.4436805555555556,DANGER,0-20%
high_beta,ma=30/250|atr=14/20|buy=1.00|sell=1.05|vol_on|tv=0.20,30,250,14,20,1.0,1.05,True,0.2,0,3,-0.06659500436299355,-0.20520527281474946,3.0,2.3463222888608106,0.0,-0.48104828469968614,False,non_positive_excess,False,0.4429166666666666,DANGER,0-20%
high_beta,ma=30/250|atr=14/20|buy=1.00|sell=1.10|vol_on|tv=0.20,30,250,14,20,1.0,1.1,True,0.2,0,3,-0.06659500436299355,-0.20520527281474946,3.0,2.3463222888608106,0.0,-0.48104828469968614,False,non_positive_excess,False,0.4429166666666666,DANGER,0-20%
high_beta,ma=30/250|atr=14/20|buy=1.05|sell=1.05|vol_on|tv=0.20,30,250,14,20,1.05,1.05,True,0.2,0,3,-0.06659500436299355,-0.20520527281474946,3.0,2.3463222888608106,0.0,-0.48104828469968614,False,non_positive_excess,False,0.4429166666666666,DANGER,0-20%
high_beta,ma=30/250|atr=14/20|buy=1.05|sell=1.10|vol_on|tv=0.20,30,250,14,20,1.05,1.1,True,0.2,0,3,-0.06659500436299355,-0.20520527281474946,3.0,2.3463222888608106,0.0,-0.48104828469968614,False,non_positive_excess,False,0.4429166666666666,DANGER,0-20%
high_beta,ma=5/120|atr=14/60|buy=1.05|sell=1.10|vol_on|tv=0.18,5,120,14,60,1.05,1.1,True,0.18,0,3,-0.04926912442283323,-0.3920281226260296,10.666666666666666,6.471889689434366,0.0,-0.13953923036207136,False,non_positive_excess,False,0.4423611111111111,DANGER,0-20%
high_beta,ma=10/250|atr=14/20|buy=1.05|sell=1.15|vol_on|tv=0.20,10,250,14,20,1.05,1.15,True,0.2,0,3,-0.06705124307098942,-0.36107188266219614,4.666666666666667,2.4914298629181135,0.0,-0.184036267694394,False,non_positive_excess,False,0.4421527777777778,DANGER,0-20%
high_beta,ma=5/120|atr=20/60|buy=1.05|sell=1.10|vol_on|tv=0.18,5,120,20,60,1.05,1.1,True,0.18,0,3,-0.048342094651072566,-0.40199656684057805,10.333333333333334,6.714068235788787,0.0,-0.13511817765558218,False,"non_positive_excess,max_drawdown_cap",False,0.44187499999999996,DANGER,0-20%
high_beta,ma=20/120|atr=14/60|buy=1.05|sell=1.15|vol_on|tv=0.18,20,120,14,60,1.05,1.15,True,0.18,0,3,-0.04940108165160336,-0.4153354168314354,9.0,6.338393871619197,0.0,-0.12243402408350364,False,"non_positive_excess,max_drawdown_cap",False,0.4407638888888889,DANGER,0-20%
high_beta,ma=5/120|atr=14/60|buy=1.00|sell=1.10|vol_on|tv=0.18,5,120,14,60,1.0,1.1,True,0.18,0,3,-0.04946714186539521,-0.392914046633964,10.0,6.429965601852082,0.0,-0.1393039641513166,False,non_positive_excess,False,0.4377083333333333,DANGER,0-20%
high_beta,ma=20/120|atr=14/20|buy=1.05|sell=1.10|vol_on|tv=0.18,20,120,14,20,1.05,1.1,True,0.18,0,3,-0.05172141380444232,-0.3883483911396593,7.666666666666667,5.104887127017547,0.0,-0.14094540559046617,False,non_positive_excess,False,0.4361111111111111,DANGER,0-20%
high_beta,ma=20/120|atr=20/20|buy=1.00|sell=1.15|vol_on|tv=0.20,20,120,20,20,1.0,1.15,True,0.2,0,3,-0.05554841136098835,-0.4792558258702302,5.333333333333333,4.270929203169736,0.0,-0.1054926779177038,False,"non_positive_excess,max_drawdown_cap",False,0.43416666666666665,DANGER,0-20%
high_beta,ma=30/250|atr=20/40|buy=1.00|sell=1.05|vol_on|tv=0.18,30,250,20,40,1.0,1.05,True,0.18,0,3,-0.09016072778813888,-0.07914553219951663,1.3333333333333333,1.3024693577644977,0.0,-0.4908455302087901,False,"trade_count,non_positive_excess",False,0.4334722222222222,DANGER,0-20%
high_beta,ma=30/250|atr=20/40|buy=1.00|sell=1.05|vol_on|tv=0.20,30,250,20,40,1.0,1.05,True,0.2,0,3,-0.09016072778813888,-0.07914553219951663,1.3333333333333333,1.3024693577644977,0.0,-0.4908455302087901,False,"trade_count,non_positive_excess",False,0.4334722222222222,DANGER,0-20%
high_beta,ma=5/250|atr=20/20|buy=1.05|sell=1.05|vol_on|tv=0.18,5,250,20,20,1.05,1.05,True,0.18,0,3,-0.04497450341336462,-0.2593028411519665,7.0,4.574304864450564,0.08333333333333333,-0.4387050383049919,False,non_positive_excess,False,0.43270833333333336,DANGER,0-20%
high_beta,ma=10/250|atr=14/40|buy=1.05|sell=1.05|vol_on|tv=0.18,10,250,14,40,1.05,1.05,True,0.18,0,3,-0.05493253951843865,-0.23102279536278145,4.666666666666667,3.276870808377636,0.0,-0.49285172388419274,False,non_positive_excess,False,0.4322916666666667,DANGER,0-20%
high_beta,ma=10/250|atr=14/40|buy=1.05|sell=1.10|vol_on|tv=0.18,10,250,14,40,1.05,1.1,True,0.18,0,3,-0.05493253951843865,-0.23102279536278145,4.666666666666667,3.276870808377636,0.0,-0.49285172388419274,False,non_positive_excess,False,0.4322916666666667,DANGER,0-20%
high_beta,ma=10/250|atr=14/20|buy=1.05|sell=1.15|vol_on|tv=0.18,10,250,14,20,1.05,1.15,True,0.18,0,3,-0.06957360217325019,-0.3501157330309246,4.666666666666667,2.568659501831337,0.0,-0.19359887863286818,False,non_positive_excess,False,0.42993055555555554,DANGER,0-20%
high_beta,ma=5/120|atr=20/20|buy=1.00|sell=1.15|vol_on|tv=0.20,5,120,20,20,1.0,1.15,True,0.2,0,3,-0.05152126174522439,-0.42377607973358233,9.0,5.284825800046703,0.0,-0.12571651290510608,False,"non_positive_excess,max_drawdown_cap",False,0.42840277777777774,DANGER,0-20%
high_beta,ma=5/120|atr=20/20|buy=1.05|sell=1.15|vol_on|tv=0.20,5,120,20,20,1.05,1.15,True,0.2,0,3,-0.05152126174522439,-0.42377607973358233,9.0,5.284825800046703,0.0,-0.12571651290510608,False,"non_positive_excess,max_drawdown_cap",False,0.42840277777777774,DANGER,0-20%
high_beta,ma=10/250|atr=20/40|buy=1.05|sell=1.05|vol_on|tv=0.18,10,250,20,40,1.05,1.05,True,0.18,0,3,-0.05432937507810428,-0.24784548115034855,4.0,3.1850795182893337,0.0,-0.489181700278618,False,non_positive_excess,False,0.4283333333333333,DANGER,0-20%
high_beta,ma=5/120|atr=14/40|buy=1.00|sell=1.15|vol_on|tv=0.20,5,120,14,40,1.0,1.15,True,0.2,0,3,-0.05207012457932055,-0.41389182854245804,9.333333333333334,5.337215927223665,0.0,-0.1283132083417159,False,"non_positive_excess,max_drawdown_cap",False,0.4280555555555556,DANGER,0-20%
high_beta,ma=10/250|atr=14/40|buy=1.05|sell=1.15|vol_on|tv=0.20,10,250,14,40,1.05,1.15,True,0.2,0,3,-0.06652399840975849,-0.35840343556633014,4.666666666666667,3.1722981640437466,0.0,-0.184449681632777,False,non_positive_excess,False,0.4277083333333333,DANGER,0-20%
high_beta,ma=30/250|atr=14/20|buy=1.00|sell=1.05|vol_on|tv=0.18,30,250,14,20,1.0,1.05,True,0.18,0,3,-0.06760397182515192,-0.20341675561079933,3.0,2.3278526255614382,0.0,-0.5189013157069481,False,non_positive_excess,False,0.42763888888888885,DANGER,0-20%
high_beta,ma=30/250|atr=14/20|buy=1.00|sell=1.10|vol_on|tv=0.18,30,250,14,20,1.0,1.1,True,0.18,0,3,-0.06760397182515192,-0.20341675561079933,3.0,2.3278526255614382,0.0,-0.5189013157069481,False,non_positive_excess,False,0.42763888888888885,DANGER,0-20%
high_beta,ma=30/250|atr=14/20|buy=1.05|sell=1.05|vol_on|tv=0.18,30,250,14,20,1.05,1.05,True,0.18,0,3,-0.06760397182515192,-0.20341675561079933,3.0,2.3278526255614382,0.0,-0.5189013157069481,False,non_positive_excess,False,0.42763888888888885,DANGER,0-20%
high_beta,ma=30/250|atr=14/20|buy=1.05|sell=1.10|vol_on|tv=0.18,30,250,14,20,1.05,1.1,True,0.18,0,3,-0.06760397182515192,-0.20341675561079933,3.0,2.3278526255614382,0.0,-0.5189013157069481,False,non_positive_excess,False,0.42763888888888885,DANGER,0-20%
high_beta,ma=10/250|atr=14/60|buy=1.00|sell=1.05|vol_on|tv=0.18,10,250,14,60,1.0,1.05,True,0.18,0,3,-0.056677557652097775,-0.23102279536278145,4.333333333333333,3.2443406477225563,0.0,-0.4991403699878109,False,non_positive_excess,False,0.42673611111111115,DANGER,0-20%
high_beta,ma=10/250|atr=14/60|buy=1.05|sell=1.05|vol_on|tv=0.18,10,250,14,60,1.05,1.05,True,0.18,0,3,-0.056677557652097775,-0.23102279536278145,4.333333333333333,3.2443406477225563,0.0,-0.4991403699878109,False,non_positive_excess,False,0.42673611111111115,DANGER,0-20%
high_beta,ma=5/120|atr=20/60|buy=1.05|sell=1.05|vol_on|tv=0.20,5,120,20,60,1.05,1.05,True,0.2,0,3,-0.0490181924822238,-0.4136400577630173,10.333333333333334,7.319530169699685,0.0,-0.12684202704910233,False,"non_positive_excess,max_drawdown_cap",False,0.42562500000000003,DANGER,0-20%
high_beta,ma=5/120|atr=14/40|buy=1.05|sell=1.15|vol_on|tv=0.20,5,120,14,40,1.05,1.15,True,0.2,0,3,-0.052254504342000775,-0.41439050780602865,9.333333333333334,5.3370473088181996,0.0,-0.12848103099866,False,"non_positive_excess,max_drawdown_cap",False,0.4255555555555555,DANGER,0-20%
high_beta,ma=5/120|atr=20/40|buy=1.05|sell=1.10|vol_on|tv=0.20,5,120,20,40,1.05,1.1,True,0.2,0,3,-0.049656280330104906,-0.4136400591213418,11.333333333333334,7.29233707610154,0.0,-0.1281307084557737,False,"non_positive_excess,max_drawdown_cap",False,0.42368055555555556,DANGER,0-20%
high_beta,ma=5/120|atr=20/40|buy=1.00|sell=1.10|vol_on|tv=0.20,5,120,20,40,1.0,1.1,True,0.2,0,3,-0.04984125936746997,-0.4136400577630173,11.0,7.282019982855474,0.0,-0.1289117126936438,False,"non_positive_excess,max_drawdown_cap",False,0.42124999999999996,DANGER,0-20%
high_beta,ma=30/250|atr=20/60|buy=1.05|sell=1.05|vol_on|tv=0.18,30,250,20,60,1.05,1.05,True,0.18,0,3,-0.067602790768118,-0.25791554938450273,3.3333333333333335,3.123303985599538,0.0,-0.4115952768472919,False,non_positive_excess,False,0.4195138888888889,DANGER,0-20%
high_beta,ma=30/250|atr=14/40|buy=1.05|sell=1.05|vol_on|tv=0.20,30,250,14,40,1.05,1.05,True,0.2,0,3,-0.07053936049897676,-0.3133200526364664,2.6666666666666665,2.2369251461379833,0.0,-0.2853384599399266,False,"trade_count,non_positive_excess",False,0.41916666666666663,DANGER,0-20%
high_beta,ma=30/250|atr=14/40|buy=1.05|sell=1.10|vol_on|tv=0.20,30,250,14,40,1.05,1.1,True,0.2,0,3,-0.07053936049897676,-0.3133200526364664,2.6666666666666665,2.2369251461379833,0.0,-0.2853384599399266,False,"trade_count,non_positive_excess",False,0.41916666666666663,DANGER,0-20%
high_beta,ma=30/250|atr=14/20|buy=1.00|sell=1.15|vol_on|tv=0.18,30,250,14,20,1.0,1.15,True,0.18,0,3,-0.06794508661180194,-0.2859523217139352,2.6666666666666665,2.178199529300055,0.0,-0.4051256792907085,False,"trade_count,non_positive_excess",False,0.41583333333333333,DANGER,0-20%
high_beta,ma=30/250|atr=14/20|buy=1.05|sell=1.15|vol_on|tv=0.18,30,250,14,20,1.05,1.15,True,0.18,0,3,-0.06794508661180194,-0.2859523217139352,2.6666666666666665,2.178199529300055,0.0,-0.4051256792907085,False,"trade_count,non_positive_excess",False,0.41583333333333333,DANGER,0-20%
high_beta,ma=30/250|atr=14/40|buy=1.05|sell=1.05|vol_on|tv=0.18,30,250,14,40,1.05,1.05,True,0.18,0,3,-0.07154791251573263,-0.3133200526364664,2.6666666666666665,2.236675825685554,0.0,-0.28979598162574155,False,"trade_count,non_positive_excess",False,0.4151388888888889,DANGER,0-20%
high_beta,ma=30/250|atr=14/40|buy=1.05|sell=1.10|vol_on|tv=0.18,30,250,14,40,1.05,1.1,True,0.18,0,3,-0.07154791251573263,-0.3133200526364664,2.6666666666666665,2.236675825685554,0.0,-0.28979598162574155,False,"trade_count,non_positive_excess",False,0.4151388888888889,DANGER,0-20%
high_beta,ma=30/250|atr=20/60|buy=1.05|sell=1.05|vol_on|tv=0.20,30,250,20,60,1.05,1.05,True,0.2,0,3,-0.068057657228269,-0.25791554938450273,3.3333333333333335,3.114455909784285,0.0,-0.4130358252511736,False,non_positive_excess,False,0.4127083333333333,DANGER,0-20%
high_beta,ma=5/120|atr=20/60|buy=1.05|sell=1.05|vol_on|tv=0.18,5,120,20,60,1.05,1.05,True,0.18,0,3,-0.05097539073954782,-0.40199656684057805,10.666666666666666,7.219282281323259,0.0,-0.14085323959229593,False,"non_positive_excess,max_drawdown_cap",False,0.4126388888888889,DANGER,0-20%
high_beta,ma=20/120|atr=20/20|buy=1.05|sell=1.15|vol_on|tv=0.18,20,120,20,20,1.05,1.15,True,0.18,0,3,-0.059216212924805424,-0.4817121358997374,6.666666666666667,4.286098737259468,0.0,-0.11361663724616888,False,"non_positive_excess,max_drawdown_cap",False,0.4122916666666666,DANGER,0-20%
high_beta,ma=10/250|atr=14/40|buy=1.05|sell=1.15|vol_on|tv=0.18,10,250,14,40,1.05,1.15,True,0.18,0,3,-0.06919622588698064,-0.34820578186844964,4.666666666666667,3.178748484434285,0.0,-0.19401476948756083,False,non_positive_excess,False,0.41118055555555555,DANGER,0-20%
high_beta,ma=5/120|atr=14/40|buy=1.05|sell=1.15|vol_on|tv=0.18,5,120,14,40,1.05,1.15,True,0.18,0,3,-0.054652072684538124,-0.40341915188190997,9.666666666666666,5.336645868279764,0.0,-0.14123680978500797,False,"non_positive_excess,max_drawdown_cap",False,0.4107638888888888,DANGER,0-20%
high_beta,ma=10/250|atr=14/60|buy=1.00|sell=1.10|vol_on|tv=0.20,10,250,14,60,1.0,1.1,True,0.2,0,3,-0.068460113196169,-0.35840343556633014,4.333333333333333,3.136153541093657,0.0,-0.19142699635109858,False,non_positive_excess,False,0.4102777777777778,DANGER,0-20%
high_beta,ma=10/250|atr=14/60|buy=1.05|sell=1.10|vol_on|tv=0.20,10,250,14,60,1.05,1.1,True,0.2,0,3,-0.068460113196169,-0.35840343556633014,4.333333333333333,3.136153541093657,0.0,-0.19142699635109858,False,non_positive_excess,False,0.4102777777777778,DANGER,0-20%
high_beta,ma=5/120|atr=14/40|buy=1.00|sell=1.15|vol_on|tv=0.18,5,120,14,40,1.0,1.15,True,0.18,0,3,-0.054353381198100514,-0.4025784764591336,9.333333333333334,5.3370162465274325,0.0,-0.14098391804010166,False,"non_positive_excess,max_drawdown_cap",False,0.4101388888888889,DANGER,0-20%
high_beta,ma=20/120|atr=20/60|buy=1.00|sell=1.15|vol_on|tv=0.18,20,120,20,60,1.0,1.15,True,0.18,0,3,-0.05631043091956267,-0.497317897882472,8.666666666666666,5.864756486561237,0.0,-0.1082278523120737,False,"non_positive_excess,max_drawdown_cap",False,0.4095833333333333,DANGER,0-20%
high_beta,ma=20/120|atr=20/60|buy=1.05|sell=1.15|vol_on|tv=0.18,20,120,20,60,1.05,1.15,True,0.18,0,3,-0.05631043091956267,-0.497317897882472,8.666666666666666,5.864756486561237,0.0,-0.1082278523120737,False,"non_positive_excess,max_drawdown_cap",False,0.4095833333333333,DANGER,0-20%
high_beta,ma=10/250|atr=20/40|buy=1.05|sell=1.10|vol_on|tv=0.20,10,250,20,40,1.05,1.1,True,0.2,0,3,-0.05903611337129918,-0.43542766251220205,3.6666666666666665,2.7862440121702696,0.0,-0.13859077601300585,False,"non_positive_excess,max_drawdown_cap",False,0.409375,DANGER,0-20%
high_beta,ma=10/250|atr=20/40|buy=1.05|sell=1.15|vol_on|tv=0.20,10,250,20,40,1.05,1.15,True,0.2,0,3,-0.05903611337129918,-0.43542766251220205,3.6666666666666665,2.7862440121702696,0.0,-0.13859077601300585,False,"non_positive_excess,max_drawdown_cap",False,0.409375,DANGER,0-20%
high_beta,ma=10/250|atr=20/60|buy=1.00|sell=1.10|vol_on|tv=0.20,10,250,20,60,1.0,1.1,True,0.2,0,3,-0.05903611337129918,-0.43542766251220205,3.6666666666666665,2.7862440121702696,0.0,-0.13859077601300585,False,"non_positive_excess,max_drawdown_cap",False,0.409375,DANGER,0-20%
high_beta,ma=10/250|atr=20/60|buy=1.00|sell=1.15|vol_on|tv=0.20,10,250,20,60,1.0,1.15,True,0.2,0,3,-0.05903611337129918,-0.43542766251220205,3.6666666666666665,2.7862440121702696,0.0,-0.13859077601300585,False,"non_positive_excess,max_drawdown_cap",False,0.409375,DANGER,0-20%
high_beta,ma=10/250|atr=20/60|buy=1.05|sell=1.10|vol_on|tv=0.20,10,250,20,60,1.05,1.1,True,0.2,0,3,-0.05903611337129918,-0.43542766251220205,3.6666666666666665,2.7862440121702696,0.0,-0.13859077601300585,False,"non_positive_excess,max_drawdown_cap",False,0.409375,DANGER,0-20%
high_beta,ma=10/250|atr=20/60|buy=1.05|sell=1.15|vol_on|tv=0.20,10,250,20,60,1.05,1.15,True,0.2,0,3,-0.05903611337129918,-0.43542766251220205,3.6666666666666665,2.7862440121702696,0.0,-0.13859077601300585,False,"non_positive_excess,max_drawdown_cap",False,0.409375,DANGER,0-20%
high_beta,ma=30/250|atr=14/60|buy=1.05|sell=1.05|vol_on|tv=0.18,30,250,14,60,1.05,1.05,True,0.18,0,3,-0.06676881551918734,-0.36185611615077146,2.6666666666666665,2.6282156554653278,0.0,-0.19461998059825883,False,"trade_count,non_positive_excess",False,0.40930555555555553,DANGER,0-20%
high_beta,ma=30/250|atr=14/60|buy=1.05|sell=1.05|vol_on|tv=0.20,30,250,14,60,1.05,1.05,True,0.2,0,3,-0.06676881551918734,-0.36185611615077146,2.6666666666666665,2.6282156554653278,0.0,-0.19461998059825883,False,"trade_count,non_positive_excess",False,0.40930555555555553,DANGER,0-20%
high_beta,ma=30/250|atr=14/60|buy=1.05|sell=1.10|vol_on|tv=0.18,30,250,14,60,1.05,1.1,True,0.18,0,3,-0.06676881551918734,-0.36185611615077146,2.6666666666666665,2.6282156554653278,0.0,-0.19461998059825883,False,"trade_count,non_positive_excess",False,0.40930555555555553,DANGER,0-20%
high_beta,ma=30/250|atr=14/60|buy=1.05|sell=1.10|vol_on|tv=0.20,30,250,14,60,1.05,1.1,True,0.2,0,3,-0.06676881551918734,-0.36185611615077146,2.6666666666666665,2.6282156554653278,0.0,-0.19461998059825883,False,"trade_count,non_positive_excess",False,0.40930555555555553,DANGER,0-20%
high_beta,ma=30/250|atr=20/20|buy=1.05|sell=1.05|vol_on|tv=0.18,30,250,20,20,1.05,1.05,True,0.18,0,3,-0.06676881551918734,-0.36185611615077146,2.6666666666666665,2.6282156554653278,0.0,-0.19461998059825883,False,"trade_count,non_positive_excess",False,0.40930555555555553,DANGER,0-20%
high_beta,ma=30/250|atr=20/20|buy=1.05|sell=1.05|vol_on|tv=0.20,30,250,20,20,1.05,1.05,True,0.2,0,3,-0.06676881551918734,-0.36185611615077146,2.6666666666666665,2.6282156554653278,0.0,-0.19461998059825883,False,"trade_count,non_positive_excess",False,0.40930555555555553,DANGER,0-20%
high_beta,ma=10/250|atr=20/60|buy=1.00|sell=1.05|vol_on|tv=0.20,10,250,20,60,1.0,1.05,True,0.2,0,3,-0.06722294357807874,-0.3673584835621124,4.0,3.104607671126153,0.0,-0.18664096449838363,False,non_positive_excess,False,0.4070833333333333,DANGER,0-20%
high_beta,ma=10/250|atr=20/60|buy=1.05|sell=1.05|vol_on|tv=0.20,10,250,20,60,1.05,1.05,True,0.2,0,3,-0.06722294357807874,-0.3673584835621124,4.0,3.104607671126153,0.0,-0.18664096449838363,False,non_positive_excess,False,0.4070833333333333,DANGER,0-20%
high_beta,ma=5/120|atr=20/40|buy=1.05|sell=1.10|vol_on|tv=0.18,5,120,20,40,1.05,1.1,True,0.18,0,3,-0.05154782053894554,-0.40199656730968064,11.666666666666666,7.19518962689246,0.0,-0.14199288102448734,False,"non_positive_excess,max_drawdown_cap",False,0.4063194444444445,DANGER,0-20%
high_beta,ma=10/250|atr=14/20|buy=1.00|sell=1.05|vol_on|tv=0.20,10,250,14,20,1.0,1.05,True,0.2,0,3,-0.06934540272872163,-0.22845790192035972,5.0,3.4948567300821445,0.0,-0.46914486516172965,False,non_positive_excess,False,0.40444444444444444,DANGER,0-20%
high_beta,ma=10/250|atr=20/60|buy=1.00|sell=1.05|vol_on|tv=0.18,10,250,20,60,1.0,1.05,True,0.18,0,3,-0.06859306144664627,-0.3650284676560167,4.0,3.0869571943459815,0.0,-0.19034474588198613,False,non_positive_excess,False,0.40291666666666665,DANGER,0-20%
high_beta,ma=10/250|atr=20/60|buy=1.05|sell=1.05|vol_on|tv=0.18,10,250,20,60,1.05,1.05,True,0.18,0,3,-0.06859306144664627,-0.3650284676560167,4.0,3.0869571943459815,0.0,-0.19034474588198613,False,non_positive_excess,False,0.40291666666666665,DANGER,0-20%
high_beta,ma=5/120|atr=20/40|buy=1.00|sell=1.10|vol_on|tv=0.18,5,120,20,40,1.0,1.1,True,0.18,0,3,-0.051713803670032345,-0.40199656684057805,11.333333333333334,7.186093043193469,0.0,-0.14275480014084158,False,"non_positive_excess,max_drawdown_cap",False,0.3995138888888889,DANGER,0-20%
high_beta,ma=10/250|atr=14/60|buy=1.00|sell=1.10|vol_on|tv=0.18,10,250,14,60,1.0,1.1,True,0.18,0,3,-0.07094124402063977,-0.34820578186844964,4.333333333333333,3.146218323779204,0.0,-0.200303415591179,False,non_positive_excess,False,0.39805555555555555,DANGER,0-20%
high_beta,ma=10/250|atr=14/60|buy=1.05|sell=1.10|vol_on|tv=0.18,10,250,14,60,1.05,1.1,True,0.18,0,3,-0.07094124402063977,-0.34820578186844964,4.333333333333333,3.146218323779204,0.0,-0.200303415591179,False,non_positive_excess,False,0.39805555555555555,DANGER,0-20%
high_beta,ma=10/250|atr=20/20|buy=1.05|sell=1.05|vol_on|tv=0.20,10,250,20,20,1.05,1.05,True,0.2,0,3,-0.07151478002466789,-0.22845790192035967,4.333333333333333,3.4387365064667272,0.0,-0.4762620901055114,False,non_positive_excess,False,0.3976388888888889,DANGER,0-20%
high_beta,ma=10/250|atr=20/40|buy=1.05|sell=1.10|vol_on|tv=0.18,10,250,20,40,1.05,1.1,True,0.18,0,3,-0.060406231239866694,-0.4330976466061063,3.6666666666666665,2.768593535390098,0.0,-0.14229455739660835,False,"non_positive_excess,max_drawdown_cap",False,0.39520833333333333,DANGER,0-20%
high_beta,ma=10/250|atr=20/40|buy=1.05|sell=1.15|vol_on|tv=0.18,10,250,20,40,1.05,1.15,True,0.18,0,3,-0.060406231239866694,-0.4330976466061063,3.6666666666666665,2.768593535390098,0.0,-0.14229455739660835,False,"non_positive_excess,max_drawdown_cap",False,0.39520833333333333,DANGER,0-20%
high_beta,ma=10/250|atr=20/60|buy=1.00|sell=1.10|vol_on|tv=0.18,10,250,20,60,1.0,1.1,True,0.18,0,3,-0.060406231239866694,-0.4330976466061063,3.6666666666666665,2.768593535390098,0.0,-0.14229455739660835,False,"non_positive_excess,max_drawdown_cap",False,0.39520833333333333,DANGER,0-20%
high_beta,ma=10/250|atr=20/60|buy=1.00|sell=1.15|vol_on|tv=0.18,10,250,20,60,1.0,1.15,True,0.18,0,3,-0.060406231239866694,-0.4330976466061063,3.6666666666666665,2.768593535390098,0.0,-0.14229455739660835,False,"non_positive_excess,max_drawdown_cap",False,0.39520833333333333,DANGER,0-20%
high_beta,ma=10/250|atr=20/60|buy=1.05|sell=1.10|vol_on|tv=0.18,10,250,20,60,1.05,1.1,True,0.18,0,3,-0.060406231239866694,-0.4330976466061063,3.6666666666666665,2.768593535390098,0.0,-0.14229455739660835,False,"non_positive_excess,max_drawdown_cap",False,0.39520833333333333,DANGER,0-20%
high_beta,ma=10/250|atr=20/60|buy=1.05|sell=1.15|vol_on|tv=0.18,10,250,20,60,1.05,1.15,True,0.18,0,3,-0.060406231239866694,-0.4330976466061063,3.6666666666666665,2.768593535390098,0.0,-0.14229455739660835,False,"non_positive_excess,max_drawdown_cap",False,0.39520833333333333,DANGER,0-20%
high_beta,ma=10/250|atr=20/20|buy=1.00|sell=1.05|vol_on|tv=0.20,10,250,20,20,1.0,1.05,True,0.2,0,3,-0.0715225145438676,-0.22845790192035967,4.0,3.3619763814336063,0.0,-0.47628658509528093,False,non_positive_excess,False,0.39479166666666665,DANGER,0-20%
high_beta,ma=10/250|atr=14/20|buy=1.00|sell=1.05|vol_on|tv=0.18,10,250,14,20,1.0,1.05,True,0.18,0,3,-0.07022142937623876,-0.22582807595802254,5.0,3.4098940502041977,0.0,-0.5162378392751769,False,non_positive_excess,False,0.3935416666666667,DANGER,0-20%
high_beta,ma=10/250|atr=14/60|buy=1.00|sell=1.15|vol_on|tv=0.20,10,250,14,60,1.0,1.15,True,0.2,0,3,-0.06027328298938942,-0.4264726145164197,4.0,2.817789882137774,0.0,-0.1433768078657208,False,"non_positive_excess,max_drawdown_cap",False,0.39347222222222217,DANGER,0-20%
high_beta,ma=10/250|atr=14/60|buy=1.05|sell=1.15|vol_on|tv=0.20,10,250,14,60,1.05,1.15,True,0.2,0,3,-0.06027328298938942,-0.4264726145164197,4.0,2.817789882137774,0.0,-0.1433768078657208,False,"non_positive_excess,max_drawdown_cap",False,0.39347222222222217,DANGER,0-20%
high_beta,ma=5/120|atr=20/20|buy=1.00|sell=1.15|vol_on|tv=0.18,5,120,20,20,1.0,1.15,True,0.18,0,3,-0.054803049118708,-0.41035899428525585,9.0,5.182837440013929,0.0,-0.14344158313999678,False,"non_positive_excess,max_drawdown_cap",False,0.3903472222222222,DANGER,0-20%
high_beta,ma=5/120|atr=20/20|buy=1.05|sell=1.15|vol_on|tv=0.18,5,120,20,20,1.05,1.15,True,0.18,0,3,-0.054803049118708,-0.41035899428525585,9.0,5.182837440013929,0.0,-0.14344158313999678,False,"non_positive_excess,max_drawdown_cap",False,0.3903472222222222,DANGER,0-20%
high_beta,ma=5/120|atr=20/60|buy=1.00|sell=1.10|vol_on|tv=0.18,5,120,20,60,1.0,1.1,True,0.18,0,3,-0.05358064063760196,-0.40199656684057805,9.333333333333334,6.393357901507893,0.0,-0.1591928620980908,False,"non_positive_excess,max_drawdown_cap",False,0.3901388888888889,DANGER,0-20%
high_beta,ma=20/120|atr=20/20|buy=1.00|sell=1.15|vol_on|tv=0.18,20,120,20,20,1.0,1.15,True,0.18,0,3,-0.06124226650649026,-0.4780281913920062,5.666666666666667,4.259600572330375,0.0,-0.11778502646429197,False,"non_positive_excess,max_drawdown_cap",False,0.38965277777777774,DANGER,0-20%
high_beta,ma=10/250|atr=14/20|buy=1.05|sell=1.10|vol_on|tv=0.20,10,250,14,20,1.05,1.1,True,0.2,0,3,-0.06855236877865445,-0.36706309809313614,5.333333333333333,3.708306517757599,0.0,-0.18546004605471397,False,non_positive_excess,False,0.3895833333333333,DANGER,0-20%
high_beta,ma=10/250|atr=20/20|buy=1.00|sell=1.05|vol_on|tv=0.18,10,250,20,20,1.0,1.05,True,0.18,0,3,-0.07242850723547307,-0.22582807595802257,4.0,3.2306876846291863,0.0,-0.5234996124487844,False,non_positive_excess,False,0.3846527777777778,DANGER,0-20%
high_beta,ma=10/250|atr=14/20|buy=1.05|sell=1.10|vol_on|tv=0.18,10,250,14,20,1.05,1.1,True,0.18,0,3,-0.07101790300389839,-0.3559994781425749,5.333333333333333,3.659499185674401,0.0,-0.1948656143969676,False,non_positive_excess,False,0.38430555555555557,DANGER,0-20%
high_beta,ma=10/250|atr=14/60|buy=1.00|sell=1.15|vol_on|tv=0.18,10,250,14,60,1.0,1.15,True,0.18,0,3,-0.0627544138138602,-0.41627496081853915,4.0,2.8278546648233207,0.0,-0.15225322710580122,False,"non_positive_excess,max_drawdown_cap",False,0.38361111111111107,DANGER,0-20%
high_beta,ma=10/250|atr=14/60|buy=1.05|sell=1.15|vol_on|tv=0.18,10,250,14,60,1.05,1.15,True,0.18,0,3,-0.0627544138138602,-0.41627496081853915,4.0,2.8278546648233207,0.0,-0.15225322710580122,False,"non_positive_excess,max_drawdown_cap",False,0.38361111111111107,DANGER,0-20%
high_beta,ma=5/120|atr=20/60|buy=1.00|sell=1.10|vol_on|tv=0.20,5,120,20,60,1.0,1.1,True,0.2,0,3,-0.05191251862441552,-0.4136400577630173,9.0,6.393209772660636,0.0,-0.14504130673753152,False,"non_positive_excess,max_drawdown_cap",False,0.3811805555555556,DANGER,0-20%
high_beta,ma=10/250|atr=20/20|buy=1.05|sell=1.05|vol_on|tv=0.18,10,250,20,20,1.05,1.05,True,0.18,0,3,-0.072415554078967,-0.22582807595802257,4.333333333333333,3.3595097146405677,0.0,-0.5234585901915622,False,non_positive_excess,False,0.3804166666666667,DANGER,0-20%
high_beta,ma=20/120|atr=20/60|buy=1.00|sell=1.10|vol_on|tv=0.20,20,120,20,60,1.0,1.1,True,0.2,0,3,-0.05533813781038307,-0.4487221223920439,8.666666666666666,6.546200871755211,0.0,-0.12395622297011716,False,"non_positive_excess,max_drawdown_cap",False,0.37611111111111106,DANGER,0-20%
high_beta,ma=20/120|atr=20/60|buy=1.05|sell=1.10|vol_on|tv=0.20,20,120,20,60,1.05,1.1,True,0.2,0,3,-0.05533813781038307,-0.4487221223920439,8.666666666666666,6.546200871755211,0.0,-0.12395622297011716,False,"non_positive_excess,max_drawdown_cap",False,0.37611111111111106,DANGER,0-20%
high_beta,ma=10/250|atr=14/20|buy=1.05|sell=1.05|vol_on|tv=0.20,10,250,14,20,1.05,1.05,True,0.2,0,3,-0.0721461592712082,-0.22845790192035972,5.666666666666667,4.139140723577764,0.0,-0.5114853745983193,False,non_positive_excess,False,0.37374999999999997,DANGER,0-20%
high_beta,ma=5/250|atr=14/60|buy=1.00|sell=1.15|vol_on|tv=0.20,5,250,14,60,1.0,1.15,True,0.2,0,3,-0.05887365052593067,-0.4477573094961192,5.666666666666667,4.337364509916139,0.0,-0.13611510537268282,False,"non_positive_excess,max_drawdown_cap",False,0.3713194444444444,DANGER,0-20%
high_beta,ma=5/250|atr=14/60|buy=1.05|sell=1.15|vol_on|tv=0.20,5,250,14,60,1.05,1.15,True,0.2,0,3,-0.05887365052593067,-0.4477573094961192,5.666666666666667,4.337364509916139,0.0,-0.13611510537268282,False,"non_positive_excess,max_drawdown_cap",False,0.3713194444444444,DANGER,0-20%
high_beta,ma=10/250|atr=14/20|buy=1.05|sell=1.05|vol_on|tv=0.18,10,250,14,20,1.05,1.05,True,0.18,0,3,-0.07301209651894754,-0.2265013464792726,5.666666666666667,4.05483684009786,0.0,-0.5490552815321715,False,non_positive_excess,False,0.36840277777777775,DANGER,0-20%
high_beta,ma=5/120|atr=20/60|buy=1.00|sell=1.05|vol_on|tv=0.18,5,120,20,60,1.0,1.05,True,0.18,0,3,-0.05621393672607722,-0.40199656684057805,9.666666666666666,6.898571947042366,0.0,-0.16492792403480458,False,"non_positive_excess,max_drawdown_cap",False,0.36798611111111107,DANGER,0-20%
high_beta,ma=5/250|atr=14/60|buy=1.00|sell=1.15|vol_on|tv=0.18,5,250,14,60,1.0,1.15,True,0.18,0,3,-0.06041001882337035,-0.44617512087874683,6.333333333333333,4.168411115672794,0.0,-0.13987171103111826,False,"non_positive_excess,max_drawdown_cap",False,0.36513888888888885,DANGER,0-20%
high_beta,ma=5/250|atr=14/60|buy=1.05|sell=1.15|vol_on|tv=0.18,5,250,14,60,1.05,1.15,True,0.18,0,3,-0.06041001882337035,-0.44617512087874683,6.333333333333333,4.168411115672794,0.0,-0.13987171103111826,False,"non_positive_excess,max_drawdown_cap",False,0.36513888888888885,DANGER,0-20%
high_beta,ma=5/120|atr=20/60|buy=1.00|sell=1.05|vol_on|tv=0.20,5,120,20,60,1.0,1.05,True,0.2,0,3,-0.054828146547719024,-0.4136400577630173,9.333333333333334,6.9597120874870875,0.0,-0.1513912598619596,False,"non_positive_excess,max_drawdown_cap",False,0.3615277777777777,DANGER,0-20%
high_beta,ma=20/120|atr=20/60|buy=1.00|sell=1.10|vol_on|tv=0.18,20,120,20,60,1.0,1.1,True,0.18,0,3,-0.060257716815291684,-0.4471481560591297,9.0,6.4383636029177245,0.0,-0.13606891560405257,False,"non_positive_excess,max_drawdown_cap",False,0.3539583333333333,DANGER,0-20%
high_beta,ma=20/120|atr=20/60|buy=1.05|sell=1.10|vol_on|tv=0.18,20,120,20,60,1.05,1.1,True,0.18,0,3,-0.060257716815291684,-0.4471481560591297,9.0,6.4383636029177245,0.0,-0.13606891560405257,False,"non_positive_excess,max_drawdown_cap",False,0.3539583333333333,DANGER,0-20%
high_beta,ma=5/250|atr=20/60|buy=1.00|sell=1.05|vol_on|tv=0.18,5,250,20,60,1.0,1.05,True,0.18,0,3,-0.08461865636969841,-0.37263889066636285,5.0,3.5788945833313996,0.0,-0.22467314569718755,False,non_positive_excess,False,0.3457638888888889,DANGER,0-20%
high_beta,ma=5/250|atr=20/60|buy=1.05|sell=1.05|vol_on|tv=0.18,5,250,20,60,1.05,1.05,True,0.18,0,3,-0.08461865636969841,-0.37263889066636285,5.0,3.5788945833313996,0.0,-0.22467314569718755,False,non_positive_excess,False,0.3457638888888889,DANGER,0-20%
high_beta,ma=5/250|atr=20/40|buy=1.05|sell=1.05|vol_on|tv=0.18,5,250,20,40,1.05,1.05,True,0.18,0,3,-0.06408195628293319,-0.2617963853254795,6.333333333333333,4.517226623543254,0.0,-0.5606109413515071,False,non_positive_excess,False,0.3408333333333334,DANGER,0-20%
high_beta,ma=5/250|atr=20/60|buy=1.00|sell=1.05|vol_on|tv=0.20,5,250,20,60,1.0,1.05,True,0.2,0,3,-0.08472000716465004,-0.3754328424687387,4.333333333333333,3.6416851333449283,0.0,-0.2234078466181911,False,non_positive_excess,False,0.33979166666666666,DANGER,0-20%
high_beta,ma=5/250|atr=20/60|buy=1.05|sell=1.05|vol_on|tv=0.20,5,250,20,60,1.05,1.05,True,0.2,0,3,-0.08472000716465004,-0.3754328424687387,4.333333333333333,3.6416851333449283,0.0,-0.2234078466181911,False,non_positive_excess,False,0.33979166666666666,DANGER,0-20%
high_beta,ma=5/250|atr=20/40|buy=1.05|sell=1.05|vol_on|tv=0.20,5,250,20,40,1.05,1.05,True,0.2,0,3,-0.06365432783089853,-0.2649823247976621,5.666666666666667,4.678902720188557,0.0,-0.5578425793344467,False,non_positive_excess,False,0.32937500000000003,DANGER,0-20%
high_beta,ma=5/250|atr=20/60|buy=1.00|sell=1.10|vol_on|tv=0.18,5,250,20,60,1.0,1.1,True,0.18,0,3,-0.07638733209868258,-0.44256400029732035,4.666666666666667,3.2500285421888067,0.0,-0.17718984274536642,False,"non_positive_excess,max_drawdown_cap",False,0.32534722222222223,DANGER,0-20%
high_beta,ma=5/250|atr=20/60|buy=1.00|sell=1.15|vol_on|tv=0.18,5,250,20,60,1.0,1.15,True,0.18,0,3,-0.07638733209868258,-0.44256400029732035,4.666666666666667,3.2500285421888067,0.0,-0.17718984274536642,False,"non_positive_excess,max_drawdown_cap",False,0.32534722222222223,DANGER,0-20%
high_beta,ma=5/250|atr=20/60|buy=1.05|sell=1.10|vol_on|tv=0.18,5,250,20,60,1.05,1.1,True,0.18,0,3,-0.07638733209868258,-0.44256400029732035,4.666666666666667,3.2500285421888067,0.0,-0.17718984274536642,False,"non_positive_excess,max_drawdown_cap",False,0.32534722222222223,DANGER,0-20%
high_beta,ma=5/250|atr=20/60|buy=1.05|sell=1.15|vol_on|tv=0.18,5,250,20,60,1.05,1.15,True,0.18,0,3,-0.07638733209868258,-0.44256400029732035,4.666666666666667,3.2500285421888067,0.0,-0.17718984274536642,False,"non_positive_excess,max_drawdown_cap",False,0.32534722222222223,DANGER,0-20%
high_beta,ma=5/250|atr=20/40|buy=1.05|sell=1.10|vol_on|tv=0.18,5,250,20,40,1.05,1.1,True,0.18,0,3,-0.0702035426864533,-0.44256400029732035,6.0,4.105218951472232,0.0,-0.1635719141243012,False,"non_positive_excess,max_drawdown_cap",False,0.3227083333333333,DANGER,0-20%
high_beta,ma=5/250|atr=20/40|buy=1.05|sell=1.15|vol_on|tv=0.18,5,250,20,40,1.05,1.15,True,0.18,0,3,-0.0702035426864533,-0.44256400029732035,6.0,4.105218951472232,0.0,-0.1635719141243012,False,"non_positive_excess,max_drawdown_cap",False,0.3227083333333333,DANGER,0-20%
high_beta,ma=5/250|atr=20/40|buy=1.05|sell=1.10|vol_on|tv=0.20,5,250,20,40,1.05,1.1,True,0.2,0,3,-0.0696402334568214,-0.443754201244886,5.333333333333333,4.267178732376716,0.0,-0.16217085080993754,False,"non_positive_excess,max_drawdown_cap",False,0.31152777777777774,DANGER,0-20%
high_beta,ma=5/250|atr=20/40|buy=1.05|sell=1.15|vol_on|tv=0.20,5,250,20,40,1.05,1.15,True,0.2,0,3,-0.0696402334568214,-0.443754201244886,5.333333333333333,4.267178732376716,0.0,-0.16217085080993754,False,"non_positive_excess,max_drawdown_cap",False,0.31152777777777774,DANGER,0-20%
high_beta,ma=5/250|atr=20/60|buy=1.00|sell=1.10|vol_on|tv=0.20,5,250,20,60,1.0,1.1,True,0.2,0,3,-0.07649269928059228,-0.443754201244886,4.0,3.3137788133745443,0.0,-0.17720298583105776,False,"non_positive_excess,max_drawdown_cap",False,0.3080555555555556,DANGER,0-20%
high_beta,ma=5/250|atr=20/60|buy=1.00|sell=1.15|vol_on|tv=0.20,5,250,20,60,1.0,1.15,True,0.2,0,3,-0.07649269928059228,-0.443754201244886,4.0,3.3137788133745443,0.0,-0.17720298583105776,False,"non_positive_excess,max_drawdown_cap",False,0.3080555555555556,DANGER,0-20%
high_beta,ma=5/250|atr=20/60|buy=1.05|sell=1.10|vol_on|tv=0.20,5,250,20,60,1.05,1.1,True,0.2,0,3,-0.07649269928059228,-0.443754201244886,4.0,3.3137788133745443,0.0,-0.17720298583105776,False,"non_positive_excess,max_drawdown_cap",False,0.3080555555555556,DANGER,0-20%
high_beta,ma=5/250|atr=20/60|buy=1.05|sell=1.15|vol_on|tv=0.20,5,250,20,60,1.05,1.15,True,0.2,0,3,-0.07649269928059228,-0.443754201244886,4.0,3.3137788133745443,0.0,-0.17720298583105776,False,"non_positive_excess,max_drawdown_cap",False,0.3080555555555556,DANGER,0-20%
