symbol,symbol_name,fast_ma,slow_ma,atr_period,atr_ma_window,buy_volatility_cap,vol_breakout_mult,annualized_excess_return,max_drawdown,trade_count,turnover_rate,whipsaw_rate,enable_volatility_scaling,target_volatility,eligible,group,candidate_key,group_eligible
000001.SH,上证综指,20,250,14,20,1.0,1.15,0.004490747625012448,-0.21630205276541703,5,4.9384544566425275,0.0,False,0.15,True,large_cap,vol_off|tv=0.15|atr=14/20|buy=1.00|sell=1.15,True
000016.SH,上证50,20,250,14,20,1.0,1.15,0.010203034913948805,-0.2669407619105403,3,2.913741063591006,0.0,False,0.15,True,large_cap,vol_off|tv=0.15|atr=14/20|buy=1.00|sell=1.15,True
000300.SH,沪深300,20,250,14,20,1.0,1.15,0.01720181334319859,-0.1741229120572817,3,2.957916015302514,0.0,False,0.15,True,large_cap,vol_off|tv=0.15|atr=14/20|buy=1.00|sell=1.15,True
000001.SH,上证综指,20,250,14,20,1.0,1.15,0.007480497148644849,-0.21630205276541692,6,4.297362067847159,0.0,True,0.12,True,large_cap,vol_on|tv=0.12|atr=14/20|buy=1.00|sell=1.15,True
000016.SH,上证50,20,250,14,20,1.0,1.15,0.018125366180096747,-0.2187182656326998,4,2.107837745968012,0.0,True,0.12,True,large_cap,vol_on|tv=0.12|atr=14/20|buy=1.00|sell=1.15,True
000300.SH,沪深300,20,250,14,20,1.0,1.15,0.016865069560678236,-0.17268563007324,3,2.947497249589246,0.0,True,0.12,True,large_cap,vol_on|tv=0.12|atr=14/20|buy=1.00|sell=1.15,True
000001.SH,上证综指,20,250,14,20,1.0,1.15,0.009605279345216378,-0.2163020527654168,5,4.387713741894207,0.0,True,0.15,True,large_cap,vol_on|tv=0.15|atr=14/20|buy=1.00|sell=1.15,True
000016.SH,上证50,20,250,14,20,1.0,1.15,0.013803019638598424,-0.24213215428060575,4,2.384872159966763,0.0,True,0.15,True,large_cap,vol_on|tv=0.15|atr=14/20|buy=1.00|sell=1.15,True
000300.SH,沪深300,20,250,14,20,1.0,1.15,0.01720181334319859,-0.1741229120572817,3,2.957916015302514,0.0,True,0.15,True,large_cap,vol_on|tv=0.15|atr=14/20|buy=1.00|sell=1.15,True
000001.SH,上证综指,20,250,14,20,1.05,1.15,0.004490747625012448,-0.21630205276541703,5,4.9384544566425275,0.0,False,0.15,True,large_cap,vol_off|tv=0.15|atr=14/20|buy=1.05|sell=1.15,True
000016.SH,上证50,20,250,14,20,1.05,1.15,0.010203034913948805,-0.2669407619105403,3,2.913741063591006,0.0,False,0.15,True,large_cap,vol_off|tv=0.15|atr=14/20|buy=1.05|sell=1.15,True
000300.SH,沪深300,20,250,14,20,1.05,1.15,0.05097973751735574,-0.3058005026991978,5,5.800895975669757,0.0,False,0.15,True,large_cap,vol_off|tv=0.15|atr=14/20|buy=1.05|sell=1.15,True
000001.SH,上证综指,20,250,14,20,1.05,1.15,0.007480497148644849,-0.21630205276541692,6,4.297362067847159,0.0,True,0.12,True,large_cap,vol_on|tv=0.12|atr=14/20|buy=1.05|sell=1.15,True
000016.SH,上证50,20,250,14,20,1.05,1.15,0.018125366180096747,-0.2187182656326998,4,2.107837745968012,0.0,True,0.12,True,large_cap,vol_on|tv=0.12|atr=14/20|buy=1.05|sell=1.15,True
000300.SH,沪深300,20,250,14,20,1.05,1.15,0.05012577833769005,-0.3029577628275969,5,5.74223242033591,0.0,True,0.12,True,large_cap,vol_on|tv=0.12|atr=14/20|buy=1.05|sell=1.15,True
000001.SH,上证综指,20,250,14,20,1.05,1.15,0.009605279345216378,-0.2163020527654168,5,4.387713741894207,0.0,True,0.15,True,large_cap,vol_on|tv=0.15|atr=14/20|buy=1.05|sell=1.15,True
000016.SH,上证50,20,250,14,20,1.05,1.15,0.013803019638598424,-0.24213215428060575,4,2.384872159966763,0.0,True,0.15,True,large_cap,vol_on|tv=0.15|atr=14/20|buy=1.05|sell=1.15,True
000300.SH,沪深300,20,250,14,20,1.05,1.15,0.05097973751735574,-0.3058005026991978,5,5.800895975669757,0.0,True,0.15,True,large_cap,vol_on|tv=0.15|atr=14/20|buy=1.05|sell=1.15,True
000001.SH,上证综指,20,250,14,60,1.0,1.05,0.009824699689616079,-0.25746843518842644,5,5.449677682207638,0.0,False,0.15,True,large_cap,vol_off|tv=0.15|atr=14/60|buy=1.00|sell=1.05,True
000016.SH,上证50,20,250,14,60,1.0,1.05,0.007547078426316189,-0.4540787830796841,1,0.9997000899730081,0.0,False,0.15,False,large_cap,vol_off|tv=0.15|atr=14/60|buy=1.00|sell=1.05,False
000300.SH,沪深300,20,250,14,60,1.0,1.05,0.0515833680557336,-0.303440173890853,5,5.808972020371413,0.0,False,0.15,True,large_cap,vol_off|tv=0.15|atr=14/60|buy=1.00|sell=1.05,True
000001.SH,上证综指,20,250,14,60,1.0,1.05,0.005738242143112915,-0.2429206284806147,5,5.321724743734909,0.0,True,0.12,True,large_cap,vol_on|tv=0.12|atr=14/60|buy=1.00|sell=1.05,True
000016.SH,上证50,20,250,14,60,1.0,1.05,0.014561963056030192,-0.3949970325621014,4,1.159864798041493,0.0,True,0.12,False,large_cap,vol_on|tv=0.12|atr=14/60|buy=1.00|sell=1.05,False
000300.SH,沪深300,20,250,14,60,1.0,1.05,0.05065045991528172,-0.3008964660604342,6,5.749199293180796,0.0,True,0.12,True,large_cap,vol_on|tv=0.12|atr=14/60|buy=1.00|sell=1.05,True
000001.SH,上证综指,20,250,14,60,1.0,1.05,0.009824699689616079,-0.25746843518842644,5,5.449677682207638,0.0,True,0.15,True,large_cap,vol_on|tv=0.15|atr=14/60|buy=1.00|sell=1.05,True
000016.SH,上证50,20,250,14,60,1.0,1.05,0.009234801731463405,-0.44504555567739845,4,1.162119994034064,0.0,True,0.15,False,large_cap,vol_on|tv=0.15|atr=14/60|buy=1.00|sell=1.05,False
000300.SH,沪深300,20,250,14,60,1.0,1.05,0.0515833680557336,-0.303440173890853,5,5.808972020371413,0.0,True,0.15,True,large_cap,vol_on|tv=0.15|atr=14/60|buy=1.00|sell=1.05,True
000001.SH,上证综指,20,250,14,60,1.05,1.05,0.009824699689616079,-0.25746843518842644,5,5.449677682207638,0.0,False,0.15,True,large_cap,vol_off|tv=0.15|atr=14/60|buy=1.05|sell=1.05,True
000016.SH,上证50,20,250,14,60,1.05,1.05,0.007547078426316189,-0.4540787830796841,1,0.9997000899730081,0.0,False,0.15,False,large_cap,vol_off|tv=0.15|atr=14/60|buy=1.05|sell=1.05,False
000300.SH,沪深300,20,250,14,60,1.05,1.05,0.0515833680557336,-0.303440173890853,5,5.808972020371413,0.0,False,0.15,True,large_cap,vol_off|tv=0.15|atr=14/60|buy=1.05|sell=1.05,True
000001.SH,上证综指,20,250,14,60,1.05,1.05,0.005738242143112915,-0.2429206284806147,5,5.321724743734909,0.0,True,0.12,True,large_cap,vol_on|tv=0.12|atr=14/60|buy=1.05|sell=1.05,True
000016.SH,上证50,20,250,14,60,1.05,1.05,0.014561963056030192,-0.3949970325621014,4,1.159864798041493,0.0,True,0.12,False,large_cap,vol_on|tv=0.12|atr=14/60|buy=1.05|sell=1.05,False
000300.SH,沪深300,20,250,14,60,1.05,1.05,0.05065045991528172,-0.3008964660604342,6,5.749199293180796,0.0,True,0.12,True,large_cap,vol_on|tv=0.12|atr=14/60|buy=1.05|sell=1.05,True
000001.SH,上证综指,20,250,14,60,1.05,1.05,0.009824699689616079,-0.25746843518842644,5,5.449677682207638,0.0,True,0.15,True,large_cap,vol_on|tv=0.15|atr=14/60|buy=1.05|sell=1.05,True
000016.SH,上证50,20,250,14,60,1.05,1.05,0.009234801731463405,-0.44504555567739845,4,1.162119994034064,0.0,True,0.15,False,large_cap,vol_on|tv=0.15|atr=14/60|buy=1.05|sell=1.05,False
000300.SH,沪深300,20,250,14,60,1.05,1.05,0.0515833680557336,-0.303440173890853,5,5.808972020371413,0.0,True,0.15,True,large_cap,vol_on|tv=0.15|atr=14/60|buy=1.05|sell=1.05,True
000001.SH,上证综指,20,250,20,40,1.0,1.05,0.009824699689616079,-0.25746843518842644,5,5.449677682207638,0.0,False,0.15,True,large_cap,vol_off|tv=0.15|atr=20/40|buy=1.00|sell=1.05,True
000016.SH,上证50,20,250,20,40,1.0,1.05,0.014587023075774863,-0.028035715560250307,2,2.0023771663970242,0.0,False,0.15,False,large_cap,vol_off|tv=0.15|atr=20/40|buy=1.00|sell=1.05,False
000300.SH,沪深300,20,250,20,40,1.0,1.05,0.0515833680557336,-0.303440173890853,5,5.808972020371413,0.0,False,0.15,True,large_cap,vol_off|tv=0.15|atr=20/40|buy=1.00|sell=1.05,True
000001.SH,上证综指,20,250,20,40,1.0,1.05,0.005738242143112915,-0.2429206284806147,5,5.321724743734909,0.0,True,0.12,True,large_cap,vol_on|tv=0.12|atr=20/40|buy=1.00|sell=1.05,True
000016.SH,上证50,20,250,20,40,1.0,1.05,0.01451265296042259,-0.02288678234026087,2,1.626440428608429,0.0,True,0.12,False,large_cap,vol_on|tv=0.12|atr=20/40|buy=1.00|sell=1.05,False
000300.SH,沪深300,20,250,20,40,1.0,1.05,0.05065045991528172,-0.3008964660604342,6,5.749199293180796,0.0,True,0.12,True,large_cap,vol_on|tv=0.12|atr=20/40|buy=1.00|sell=1.05,True
000001.SH,上证综指,20,250,20,40,1.0,1.05,0.009824699689616079,-0.25746843518842644,5,5.449677682207638,0.0,True,0.15,True,large_cap,vol_on|tv=0.15|atr=20/40|buy=1.00|sell=1.05,True
000016.SH,上证50,20,250,20,40,1.0,1.05,0.014587023075774863,-0.028035715560250307,2,2.0023771663970242,0.0,True,0.15,False,large_cap,vol_on|tv=0.15|atr=20/40|buy=1.00|sell=1.05,False
000300.SH,沪深300,20,250,20,40,1.0,1.05,0.0515833680557336,-0.303440173890853,5,5.808972020371413,0.0,True,0.15,True,large_cap,vol_on|tv=0.15|atr=20/40|buy=1.00|sell=1.05,True
000001.SH,上证综指,20,250,20,40,1.05,1.05,0.009824699689616079,-0.25746843518842644,5,5.449677682207638,0.0,False,0.15,True,large_cap,vol_off|tv=0.15|atr=20/40|buy=1.05|sell=1.05,True
000016.SH,上证50,20,250,20,40,1.05,1.05,-0.0025317361682817285,-0.46335414935953856,5,4.685832969044605,0.0,False,0.15,False,large_cap,vol_off|tv=0.15|atr=20/40|buy=1.05|sell=1.05,False
000300.SH,沪深300,20,250,20,40,1.05,1.05,0.0515833680557336,-0.303440173890853,5,5.808972020371413,0.0,False,0.15,True,large_cap,vol_off|tv=0.15|atr=20/40|buy=1.05|sell=1.05,True
000001.SH,上证综指,20,250,20,40,1.05,1.05,0.005738242143112915,-0.2429206284806147,5,5.321724743734909,0.0,True,0.12,True,large_cap,vol_on|tv=0.12|atr=20/40|buy=1.05|sell=1.05,True
000016.SH,上证50,20,250,20,40,1.05,1.05,0.008065314909186605,-0.40329886743116783,7,3.5996674227206724,0.0,True,0.12,False,large_cap,vol_on|tv=0.12|atr=20/40|buy=1.05|sell=1.05,False
000300.SH,沪深300,20,250,20,40,1.05,1.05,0.05065045991528172,-0.3008964660604342,6,5.749199293180796,0.0,True,0.12,True,large_cap,vol_on|tv=0.12|atr=20/40|buy=1.05|sell=1.05,True
000001.SH,上证综指,20,250,20,40,1.05,1.05,0.009824699689616079,-0.25746843518842644,5,5.449677682207638,0.0,True,0.15,True,large_cap,vol_on|tv=0.15|atr=20/40|buy=1.05|sell=1.05,True
000016.SH,上证50,20,250,20,40,1.05,1.05,0.0011888379619630074,-0.4544103452224707,7,4.180768662267114,0.0,True,0.15,False,large_cap,vol_on|tv=0.15|atr=20/40|buy=1.05|sell=1.05,False
000300.SH,沪深300,20,250,20,40,1.05,1.05,0.0515833680557336,-0.303440173890853,5,5.808972020371413,0.0,True,0.15,True,large_cap,vol_on|tv=0.15|atr=20/40|buy=1.05|sell=1.05,True
399001.SZ,深证成指,20,250,14,20,1.0,1.15,-0.08574209992352044,-0.3290618432616884,2,1.7741256545847222,0.0,False,0.15,False,balanced,vol_off|tv=0.15|atr=14/20|buy=1.00|sell=1.15,False
000905.SH,中证500,20,250,14,20,1.0,1.15,-0.06302498412060498,0.0,0,0.0,0.0,False,0.15,False,balanced,vol_off|tv=0.15|atr=14/20|buy=1.00|sell=1.15,False
399001.SZ,深证成指,20,250,14,20,1.0,1.15,-0.08574209992352044,-0.3290618432616884,2,1.7741256545847222,0.0,True,0.15,False,balanced,vol_on|tv=0.15|atr=14/20|buy=1.00|sell=1.15,False
000905.SH,中证500,20,250,14,20,1.0,1.15,-0.06302498412060498,0.0,0,0.0,0.0,True,0.15,False,balanced,vol_on|tv=0.15|atr=14/20|buy=1.00|sell=1.15,False
399001.SZ,深证成指,20,250,14,20,1.0,1.15,-0.08574209992352044,-0.3290618432616884,2,1.7741256545847222,0.0,True,0.18,False,balanced,vol_on|tv=0.18|atr=14/20|buy=1.00|sell=1.15,False
000905.SH,中证500,20,250,14,20,1.0,1.15,-0.06302498412060498,0.0,0,0.0,0.0,True,0.18,False,balanced,vol_on|tv=0.18|atr=14/20|buy=1.00|sell=1.15,False
399001.SZ,深证成指,20,250,14,20,1.05,1.15,-0.08574209992352044,-0.3290618432616884,2,1.7741256545847222,0.0,False,0.15,False,balanced,vol_off|tv=0.15|atr=14/20|buy=1.05|sell=1.15,False
000905.SH,中证500,20,250,14,20,1.05,1.15,-0.06302498412060498,0.0,0,0.0,0.0,False,0.15,False,balanced,vol_off|tv=0.15|atr=14/20|buy=1.05|sell=1.15,False
399001.SZ,深证成指,20,250,14,20,1.05,1.15,-0.08574209992352044,-0.3290618432616884,2,1.7741256545847222,0.0,True,0.15,False,balanced,vol_on|tv=0.15|atr=14/20|buy=1.05|sell=1.15,False
000905.SH,中证500,20,250,14,20,1.05,1.15,-0.06302498412060498,0.0,0,0.0,0.0,True,0.15,False,balanced,vol_on|tv=0.15|atr=14/20|buy=1.05|sell=1.15,False
399001.SZ,深证成指,20,250,14,20,1.05,1.15,-0.08574209992352044,-0.3290618432616884,2,1.7741256545847222,0.0,True,0.18,False,balanced,vol_on|tv=0.18|atr=14/20|buy=1.05|sell=1.15,False
000905.SH,中证500,20,250,14,20,1.05,1.15,-0.06302498412060498,0.0,0,0.0,0.0,True,0.18,False,balanced,vol_on|tv=0.18|atr=14/20|buy=1.05|sell=1.15,False
399001.SZ,深证成指,20,250,14,60,1.0,1.05,-0.02720551051835618,-0.3893846369500683,3,2.9322813227557663,0.0,False,0.15,False,balanced,vol_off|tv=0.15|atr=14/60|buy=1.00|sell=1.05,False
000905.SH,中证500,20,250,14,60,1.0,1.05,-0.027038713355406196,-0.31147333037356506,1,0.9997000899730083,0.0,False,0.15,False,balanced,vol_off|tv=0.15|atr=14/60|buy=1.00|sell=1.05,False
399001.SZ,深证成指,20,250,14,60,1.0,1.05,-0.02720551051835618,-0.3893846369500683,3,2.9322813227557663,0.0,True,0.15,False,balanced,vol_on|tv=0.15|atr=14/60|buy=1.00|sell=1.05,False
000905.SH,中证500,20,250,14,60,1.0,1.05,-0.027038713355406196,-0.31147333037356506,1,0.9997000899730083,0.0,True,0.15,False,balanced,vol_on|tv=0.15|atr=14/60|buy=1.00|sell=1.05,False
399001.SZ,深证成指,20,250,14,60,1.0,1.05,-0.02720551051835618,-0.3893846369500683,3,2.9322813227557663,0.0,True,0.18,False,balanced,vol_on|tv=0.18|atr=14/60|buy=1.00|sell=1.05,False
000905.SH,中证500,20,250,14,60,1.0,1.05,-0.027038713355406196,-0.31147333037356506,1,0.9997000899730083,0.0,True,0.18,False,balanced,vol_on|tv=0.18|atr=14/60|buy=1.00|sell=1.05,False
399001.SZ,深证成指,20,250,14,60,1.05,1.05,-0.02720551051835618,-0.3893846369500683,3,2.9322813227557663,0.0,False,0.15,False,balanced,vol_off|tv=0.15|atr=14/60|buy=1.05|sell=1.05,False
000905.SH,中证500,20,250,14,60,1.05,1.05,-0.027038713355406196,-0.31147333037356506,1,0.9997000899730083,0.0,False,0.15,False,balanced,vol_off|tv=0.15|atr=14/60|buy=1.05|sell=1.05,False
399001.SZ,深证成指,20,250,14,60,1.05,1.05,-0.02720551051835618,-0.3893846369500683,3,2.9322813227557663,0.0,True,0.15,False,balanced,vol_on|tv=0.15|atr=14/60|buy=1.05|sell=1.05,False
000905.SH,中证500,20,250,14,60,1.05,1.05,-0.027038713355406196,-0.31147333037356506,1,0.9997000899730083,0.0,True,0.15,False,balanced,vol_on|tv=0.15|atr=14/60|buy=1.05|sell=1.05,False
399001.SZ,深证成指,20,250,14,60,1.05,1.05,-0.02720551051835618,-0.3893846369500683,3,2.9322813227557663,0.0,True,0.18,False,balanced,vol_on|tv=0.18|atr=14/60|buy=1.05|sell=1.05,False
000905.SH,中证500,20,250,14,60,1.05,1.05,-0.027038713355406196,-0.31147333037356506,1,0.9997000899730083,0.0,True,0.18,False,balanced,vol_on|tv=0.18|atr=14/60|buy=1.05|sell=1.05,False
399001.SZ,深证成指,20,250,20,40,1.0,1.05,-0.024952043669040913,-0.3812353914666131,3,2.9322813227557663,0.0,False,0.15,False,balanced,vol_off|tv=0.15|atr=20/40|buy=1.00|sell=1.05,False
000905.SH,中证500,20,250,20,40,1.0,1.05,-0.0671205478456991,-0.057672168019961445,2,1.9757174173572916,0.0,False,0.15,False,balanced,vol_off|tv=0.15|atr=20/40|buy=1.00|sell=1.05,False
399001.SZ,深证成指,20,250,20,40,1.0,1.05,-0.024952043669040913,-0.3812353914666131,3,2.9322813227557663,0.0,True,0.15,False,balanced,vol_on|tv=0.15|atr=20/40|buy=1.00|sell=1.05,False
000905.SH,中证500,20,250,20,40,1.0,1.05,-0.0671205478456991,-0.057672168019961445,2,1.9757174173572916,0.0,True,0.15,False,balanced,vol_on|tv=0.15|atr=20/40|buy=1.00|sell=1.05,False
399001.SZ,深证成指,20,250,20,40,1.0,1.05,-0.024952043669040913,-0.3812353914666131,3,2.9322813227557663,0.0,True,0.18,False,balanced,vol_on|tv=0.18|atr=20/40|buy=1.00|sell=1.05,False
000905.SH,中证500,20,250,20,40,1.0,1.05,-0.0671205478456991,-0.057672168019961445,2,1.9757174173572916,0.0,True,0.18,False,balanced,vol_on|tv=0.18|atr=20/40|buy=1.00|sell=1.05,False
399001.SZ,深证成指,20,250,20,40,1.05,1.05,-0.02720551051835618,-0.3893846369500683,3,2.9322813227557663,0.0,False,0.15,False,balanced,vol_off|tv=0.15|atr=20/40|buy=1.05|sell=1.05,False
000905.SH,中证500,20,250,20,40,1.05,1.05,-0.0671205478456991,-0.057672168019961445,2,1.9757174173572916,0.0,False,0.15,False,balanced,vol_off|tv=0.15|atr=20/40|buy=1.05|sell=1.05,False
399001.SZ,深证成指,20,250,20,40,1.05,1.05,-0.02720551051835618,-0.3893846369500683,3,2.9322813227557663,0.0,True,0.15,False,balanced,vol_on|tv=0.15|atr=20/40|buy=1.05|sell=1.05,False
000905.SH,中证500,20,250,20,40,1.05,1.05,-0.0671205478456991,-0.057672168019961445,2,1.9757174173572916,0.0,True,0.15,False,balanced,vol_on|tv=0.15|atr=20/40|buy=1.05|sell=1.05,False
399001.SZ,深证成指,20,250,20,40,1.05,1.05,-0.02720551051835618,-0.3893846369500683,3,2.9322813227557663,0.0,True,0.18,False,balanced,vol_on|tv=0.18|atr=20/40|buy=1.05|sell=1.05,False
000905.SH,中证500,20,250,20,40,1.05,1.05,-0.0671205478456991,-0.057672168019961445,2,1.9757174173572916,0.0,True,0.18,False,balanced,vol_on|tv=0.18|atr=20/40|buy=1.05|sell=1.05,False
399006.SZ,创业板指,20,250,14,20,1.0,1.15,-0.06049125038799885,-0.40520678693290013,1,0.9997000899730081,0.0,False,0.15,False,high_beta,vol_off|tv=0.15|atr=14/20|buy=1.00|sell=1.15,False
000852.SH,中证1000,20,250,14,20,1.0,1.15,-0.04147242471933188,-0.4123927938877804,1,0.9997000899730083,0.0,False,0.15,False,high_beta,vol_off|tv=0.15|atr=14/20|buy=1.00|sell=1.15,False
932000.SH,中证2000,20,250,14,20,1.0,1.15,-0.049808835461076395,-0.3820798442666008,1,0.9997000899730082,0.0,False,0.15,False,high_beta,vol_off|tv=0.15|atr=14/20|buy=1.00|sell=1.15,False
399006.SZ,创业板指,20,250,14,20,1.0,1.15,-0.06049125038799885,-0.40520678693290013,1,0.9997000899730081,0.0,True,0.18,False,high_beta,vol_on|tv=0.18|atr=14/20|buy=1.00|sell=1.15,False
000852.SH,中证1000,20,250,14,20,1.0,1.15,-0.0413879099792982,-0.4120155213686777,2,0.9997000899730082,0.0,True,0.18,False,high_beta,vol_on|tv=0.18|atr=14/20|buy=1.00|sell=1.15,False
932000.SH,中证2000,20,250,14,20,1.0,1.15,-0.04958529727323335,-0.3820798442666009,2,0.9997000899730082,0.0,True,0.18,False,high_beta,vol_on|tv=0.18|atr=14/20|buy=1.00|sell=1.15,False
399006.SZ,创业板指,20,250,14,20,1.0,1.15,-0.06049125038799885,-0.40520678693290013,1,0.9997000899730081,0.0,True,0.2,False,high_beta,vol_on|tv=0.20|atr=14/20|buy=1.00|sell=1.15,False
000852.SH,中证1000,20,250,14,20,1.0,1.15,-0.04147242471933188,-0.4123927938877804,1,0.9997000899730083,0.0,True,0.2,False,high_beta,vol_on|tv=0.20|atr=14/20|buy=1.00|sell=1.15,False
932000.SH,中证2000,20,250,14,20,1.0,1.15,-0.049808835461076395,-0.3820798442666008,1,0.9997000899730082,0.0,True,0.2,False,high_beta,vol_on|tv=0.20|atr=14/20|buy=1.00|sell=1.15,False
399006.SZ,创业板指,20,250,14,20,1.05,1.15,-0.06049125038799885,-0.40520678693290013,1,0.9997000899730081,0.0,False,0.15,False,high_beta,vol_off|tv=0.15|atr=14/20|buy=1.05|sell=1.15,False
000852.SH,中证1000,20,250,14,20,1.05,1.15,-0.04147242471933188,-0.4123927938877804,1,0.9997000899730083,0.0,False,0.15,False,high_beta,vol_off|tv=0.15|atr=14/20|buy=1.05|sell=1.15,False
932000.SH,中证2000,20,250,14,20,1.05,1.15,-0.049808835461076395,-0.3820798442666008,1,0.9997000899730082,0.0,False,0.15,False,high_beta,vol_off|tv=0.15|atr=14/20|buy=1.05|sell=1.15,False
399006.SZ,创业板指,20,250,14,20,1.05,1.15,-0.06049125038799885,-0.40520678693290013,1,0.9997000899730081,0.0,True,0.18,False,high_beta,vol_on|tv=0.18|atr=14/20|buy=1.05|sell=1.15,False
000852.SH,中证1000,20,250,14,20,1.05,1.15,-0.0413879099792982,-0.4120155213686777,2,0.9997000899730082,0.0,True,0.18,False,high_beta,vol_on|tv=0.18|atr=14/20|buy=1.05|sell=1.15,False
932000.SH,中证2000,20,250,14,20,1.05,1.15,-0.04958529727323335,-0.3820798442666009,2,0.9997000899730082,0.0,True,0.18,False,high_beta,vol_on|tv=0.18|atr=14/20|buy=1.05|sell=1.15,False
399006.SZ,创业板指,20,250,14,20,1.05,1.15,-0.06049125038799885,-0.40520678693290013,1,0.9997000899730081,0.0,True,0.2,False,high_beta,vol_on|tv=0.20|atr=14/20|buy=1.05|sell=1.15,False
000852.SH,中证1000,20,250,14,20,1.05,1.15,-0.04147242471933188,-0.4123927938877804,1,0.9997000899730083,0.0,True,0.2,False,high_beta,vol_on|tv=0.20|atr=14/20|buy=1.05|sell=1.15,False
932000.SH,中证2000,20,250,14,20,1.05,1.15,-0.049808835461076395,-0.3820798442666008,1,0.9997000899730082,0.0,True,0.2,False,high_beta,vol_on|tv=0.20|atr=14/20|buy=1.05|sell=1.15,False
399006.SZ,创业板指,20,250,14,60,1.0,1.05,-0.06049125038799885,-0.40520678693290013,1,0.9997000899730081,0.0,False,0.15,False,high_beta,vol_off|tv=0.15|atr=14/60|buy=1.00|sell=1.05,False
000852.SH,中证1000,20,250,14,60,1.0,1.05,-0.06793976986316186,-0.2867097641035501,4,3.9505242055488856,0.0,False,0.15,False,high_beta,vol_off|tv=0.15|atr=14/60|buy=1.00|sell=1.05,False
932000.SH,中证2000,20,250,14,60,1.0,1.05,-0.08986679178061374,-0.3157592337232923,4,4.175529205163717,0.0,False,0.15,False,high_beta,vol_off|tv=0.15|atr=14/60|buy=1.00|sell=1.05,False
399006.SZ,创业板指,20,250,14,60,1.0,1.05,-0.06049125038799885,-0.40520678693290013,1,0.9997000899730081,0.0,True,0.18,False,high_beta,vol_on|tv=0.18|atr=14/60|buy=1.00|sell=1.05,False
000852.SH,中证1000,20,250,14,60,1.0,1.05,-0.06785746588673991,-0.28493214741022277,5,3.950982295830247,0.0,True,0.18,False,high_beta,vol_on|tv=0.18|atr=14/60|buy=1.00|sell=1.05,False
932000.SH,中证2000,20,250,14,60,1.0,1.05,-0.08952321479206637,-0.3157592337232923,5,4.182014044946469,0.0,True,0.18,False,high_beta,vol_on|tv=0.18|atr=14/60|buy=1.00|sell=1.05,False
399006.SZ,创业板指,20,250,14,60,1.0,1.05,-0.06049125038799885,-0.40520678693290013,1,0.9997000899730081,0.0,True,0.2,False,high_beta,vol_on|tv=0.20|atr=14/60|buy=1.00|sell=1.05,False
000852.SH,中证1000,20,250,14,60,1.0,1.05,-0.06793976986316186,-0.2867097641035501,4,3.9505242055488856,0.0,True,0.2,False,high_beta,vol_on|tv=0.20|atr=14/60|buy=1.00|sell=1.05,False
932000.SH,中证2000,20,250,14,60,1.0,1.05,-0.08986679178061374,-0.3157592337232923,4,4.175529205163717,0.0,True,0.2,False,high_beta,vol_on|tv=0.20|atr=14/60|buy=1.00|sell=1.05,False
399006.SZ,创业板指,20,250,14,60,1.05,1.05,-0.06049125038799885,-0.40520678693290013,1,0.9997000899730081,0.0,False,0.15,False,high_beta,vol_off|tv=0.15|atr=14/60|buy=1.05|sell=1.05,False
000852.SH,中证1000,20,250,14,60,1.05,1.05,-0.06793976986316186,-0.2867097641035501,4,3.9505242055488856,0.0,False,0.15,False,high_beta,vol_off|tv=0.15|atr=14/60|buy=1.05|sell=1.05,False
932000.SH,中证2000,20,250,14,60,1.05,1.05,-0.08986679178061374,-0.3157592337232923,4,4.175529205163717,0.0,False,0.15,False,high_beta,vol_off|tv=0.15|atr=14/60|buy=1.05|sell=1.05,False
399006.SZ,创业板指,20,250,14,60,1.05,1.05,-0.06049125038799885,-0.40520678693290013,1,0.9997000899730081,0.0,True,0.18,False,high_beta,vol_on|tv=0.18|atr=14/60|buy=1.05|sell=1.05,False
000852.SH,中证1000,20,250,14,60,1.05,1.05,-0.06785746588673991,-0.28493214741022277,5,3.950982295830247,0.0,True,0.18,False,high_beta,vol_on|tv=0.18|atr=14/60|buy=1.05|sell=1.05,False
932000.SH,中证2000,20,250,14,60,1.05,1.05,-0.08952321479206637,-0.3157592337232923,5,4.182014044946469,0.0,True,0.18,False,high_beta,vol_on|tv=0.18|atr=14/60|buy=1.05|sell=1.05,False
399006.SZ,创业板指,20,250,14,60,1.05,1.05,-0.06049125038799885,-0.40520678693290013,1,0.9997000899730081,0.0,True,0.2,False,high_beta,vol_on|tv=0.20|atr=14/60|buy=1.05|sell=1.05,False
000852.SH,中证1000,20,250,14,60,1.05,1.05,-0.06793976986316186,-0.2867097641035501,4,3.9505242055488856,0.0,True,0.2,False,high_beta,vol_on|tv=0.20|atr=14/60|buy=1.05|sell=1.05,False
932000.SH,中证2000,20,250,14,60,1.05,1.05,-0.08986679178061374,-0.3157592337232923,4,4.175529205163717,0.0,True,0.2,False,high_beta,vol_on|tv=0.20|atr=14/60|buy=1.05|sell=1.05,False
399006.SZ,创业板指,20,250,20,40,1.0,1.05,-0.024191195648626485,-0.12158759667536045,1,0.9997000899730082,0.0,False,0.15,False,high_beta,vol_off|tv=0.15|atr=20/40|buy=1.00|sell=1.05,False
000852.SH,中证1000,20,250,20,40,1.0,1.05,-0.07080261387525377,-0.18088097212983278,2,1.8995563803823925,0.0,False,0.15,False,high_beta,vol_off|tv=0.15|atr=20/40|buy=1.00|sell=1.05,False
932000.SH,中证2000,20,250,20,40,1.0,1.05,-0.030214370729572337,-0.42439565169040105,3,3.123748648676513,0.0,False,0.15,False,high_beta,vol_off|tv=0.15|atr=20/40|buy=1.00|sell=1.05,False
399006.SZ,创业板指,20,250,20,40,1.0,1.05,-0.024191195648626485,-0.12158759667536045,1,0.9997000899730082,0.0,True,0.18,False,high_beta,vol_on|tv=0.18|atr=20/40|buy=1.00|sell=1.05,False
000852.SH,中证1000,20,250,20,40,1.0,1.05,-0.07072054902638059,-0.17872325696613656,3,1.9000065583714583,0.0,True,0.18,False,high_beta,vol_on|tv=0.18|atr=20/40|buy=1.00|sell=1.05,False
932000.SH,中证2000,20,250,20,40,1.0,1.05,-0.0298504695882833,-0.42322030445298553,4,3.128085819882638,0.0,True,0.18,False,high_beta,vol_on|tv=0.18|atr=20/40|buy=1.00|sell=1.05,False
399006.SZ,创业板指,20,250,20,40,1.0,1.05,-0.024191195648626485,-0.12158759667536045,1,0.9997000899730082,0.0,True,0.2,False,high_beta,vol_on|tv=0.20|atr=20/40|buy=1.00|sell=1.05,False
000852.SH,中证1000,20,250,20,40,1.0,1.05,-0.07080261387525377,-0.18088097212983278,2,1.8995563803823925,0.0,True,0.2,False,high_beta,vol_on|tv=0.20|atr=20/40|buy=1.00|sell=1.05,False
932000.SH,中证2000,20,250,20,40,1.0,1.05,-0.030214370729572337,-0.42439565169040105,3,3.123748648676513,0.0,True,0.2,False,high_beta,vol_on|tv=0.20|atr=20/40|buy=1.00|sell=1.05,False
399006.SZ,创业板指,20,250,20,40,1.05,1.05,-0.07277630306089433,-0.40520678693290013,3,2.517403649473932,0.0,False,0.15,False,high_beta,vol_off|tv=0.15|atr=20/40|buy=1.05|sell=1.05,False
000852.SH,中证1000,20,250,20,40,1.05,1.05,-0.06793976986316186,-0.2867097641035501,4,3.9505242055488856,0.0,False,0.15,False,high_beta,vol_off|tv=0.15|atr=20/40|buy=1.05|sell=1.05,False
932000.SH,中证2000,20,250,20,40,1.05,1.05,-0.030214370729572337,-0.42439565169040105,3,3.123748648676513,0.0,False,0.15,False,high_beta,vol_off|tv=0.15|atr=20/40|buy=1.05|sell=1.05,False
399006.SZ,创业板指,20,250,20,40,1.05,1.05,-0.07277630306089433,-0.40520678693290013,3,2.517403649473932,0.0,True,0.18,False,high_beta,vol_on|tv=0.18|atr=20/40|buy=1.05|sell=1.05,False
000852.SH,中证1000,20,250,20,40,1.05,1.05,-0.06785746588673991,-0.28493214741022277,5,3.950982295830247,0.0,True,0.18,False,high_beta,vol_on|tv=0.18|atr=20/40|buy=1.05|sell=1.05,False
932000.SH,中证2000,20,250,20,40,1.05,1.05,-0.0298504695882833,-0.42322030445298553,4,3.128085819882638,0.0,True,0.18,False,high_beta,vol_on|tv=0.18|atr=20/40|buy=1.05|sell=1.05,False
399006.SZ,创业板指,20,250,20,40,1.05,1.05,-0.07277630306089433,-0.40520678693290013,3,2.517403649473932,0.0,True,0.2,False,high_beta,vol_on|tv=0.20|atr=20/40|buy=1.05|sell=1.05,False
000852.SH,中证1000,20,250,20,40,1.05,1.05,-0.06793976986316186,-0.2867097641035501,4,3.9505242055488856,0.0,True,0.2,False,high_beta,vol_on|tv=0.20|atr=20/40|buy=1.05|sell=1.05,False
932000.SH,中证2000,20,250,20,40,1.05,1.05,-0.030214370729572337,-0.42439565169040105,3,3.123748648676513,0.0,True,0.2,False,high_beta,vol_on|tv=0.20|atr=20/40|buy=1.05|sell=1.05,False
